name,price,brand,operating_system,ram,cpu_model,cpu_speed,ratings_count,url
SAMSUNG Galaxy S23+ Plus 5G Factory Unlocked 512GB - Lavender (Renewed),,Samsung,Android,8 GB,Snapdragon,3.36 GHz,(86),https://www.amazon.com/SAMSUNG-Galaxy-S23-Factory-Unlocked/dp/B0C7D382QJ/ref=sr_1_160?dib=eyJ2IjoiMSJ9.KJukdzIZalCDveMlYWjVMkeSb7sjlEfTL6STzFaFLq5jYiFIo1zvAVaUz3xxhEyd3AFNpkob0WcIZgcUnYvSL8qcf647BbvpvipxQ6k8A-B5CPQgjiOQl-5HJwwfpWkAgJZ9YG47LiaOIgfVP54LfnQMPoHqttQlEwjcwafmOyY3XiIdoXpWWLhdb3m14ZEXlyKldVqZATdihFjyinYbbC0zacywRRXSF61h6UjJfdw.s4mqvSjo8KUC2YIe_yUwEkasFgx0LBfvxlGlQppJysw&dib_tag=se&keywords=samsung+phone&qid=1774770319&sr=8-160
Samsung Galaxy A6 32GB Factory Unlocked Phone - 5.6 - Black (Renewed),,Samsung,Android 8.0,8 GB,Snapdragon,1.6 GHz,(202),https://www.amazon.com/Samsung-A6-32GB-SM-A600P-Smartphone/dp/B07RLSQ1FF/ref=sr_1_159?dib=eyJ2IjoiMSJ9.KJukdzIZalCDveMlYWjVMkeSb7sjlEfTL6STzFaFLq5jYiFIo1zvAVaUz3xxhEyd3AFNpkob0WcIZgcUnYvSL8qcf647BbvpvipxQ6k8A-B5CPQgjiOQl-5HJwwfpWkAgJZ9YG47LiaOIgfVP54LfnQMPoHqttQlEwjcwafmOyY3XiIdoXpWWLhdb3m14ZEXlyKldVqZATdihFjyinYbbC0zacywRRXSF61h6UjJfdw.s4mqvSjo8KUC2YIe_yUwEkasFgx0LBfvxlGlQppJysw&dib_tag=se&keywords=samsung+phone&qid=1774770319&sr=8-159
Samsung Galaxy S23 FE Factory Unlocked 128GB - Mint (Renewed),,Samsung,Android,8 GB,Snapdragon,2.8 GHz,(77),https://www.amazon.com/Samsung-Galaxy-S23-FE-Unlocked/dp/B0CXJLF4CN/ref=sr_1_158?dib=eyJ2IjoiMSJ9.KJukdzIZalCDveMlYWjVMkeSb7sjlEfTL6STzFaFLq5jYiFIo1zvAVaUz3xxhEyd3AFNpkob0WcIZgcUnYvSL8qcf647BbvpvipxQ6k8A-B5CPQgjiOQl-5HJwwfpWkAgJZ9YG47LiaOIgfVP54LfnQMPoHqttQlEwjcwafmOyY3XiIdoXpWWLhdb3m14ZEXlyKldVqZATdihFjyinYbbC0zacywRRXSF61h6UjJfdw.s4mqvSjo8KUC2YIe_yUwEkasFgx0LBfvxlGlQppJysw&dib_tag=se&keywords=samsung+phone&qid=1774770319&sr=8-158
SAMSUNG Galaxy A54 5G (128GB 6GB) 6.4 120Hz AMOLED 50MP 4K Triple Camera US 5G / Global 4G Volte (GSM Unlocked for AT&T T-Mobile Metro) A546U (Awesome Black) (Renewed),,Samsung,Android,6 GB,Exynos 1380,2.4 GHz,(324),https://www.amazon.com/SAMSUNG-Galaxy-A54-5G-Unlocked/dp/B0C95JB5SL/ref=sr_1_157?dib=eyJ2IjoiMSJ9.KJukdzIZalCDveMlYWjVMkeSb7sjlEfTL6STzFaFLq5jYiFIo1zvAVaUz3xxhEyd3AFNpkob0WcIZgcUnYvSL8qcf647BbvpvipxQ6k8A-B5CPQgjiOQl-5HJwwfpWkAgJZ9YG47LiaOIgfVP54LfnQMPoHqttQlEwjcwafmOyY3XiIdoXpWWLhdb3m14ZEXlyKldVqZATdihFjyinYbbC0zacywRRXSF61h6UjJfdw.s4mqvSjo8KUC2YIe_yUwEkasFgx0LBfvxlGlQppJysw&dib_tag=se&keywords=samsung+phone&qid=1774770319&sr=8-157
Samsung Galaxy S21 FE 128GB Graphite Factory Unlocked (Renewed),,Samsung,Android 13.0,6 GB,Exynos 2100 S5E8840,2.84,(30),https://www.amazon.com/Samsung-Graphite-Factory-Unlocked-Renewed/dp/B0F39KLS64/ref=sr_1_156?dib=eyJ2IjoiMSJ9.KJukdzIZalCDveMlYWjVMkeSb7sjlEfTL6STzFaFLq5jYiFIo1zvAVaUz3xxhEyd3AFNpkob0WcIZgcUnYvSL8qcf647BbvpvipxQ6k8A-B5CPQgjiOQl-5HJwwfpWkAgJZ9YG47LiaOIgfVP54LfnQMPoHqttQlEwjcwafmOyY3XiIdoXpWWLhdb3m14ZEXlyKldVqZATdihFjyinYbbC0zacywRRXSF61h6UjJfdw.s4mqvSjo8KUC2YIe_yUwEkasFgx0LBfvxlGlQppJysw&dib_tag=se&keywords=samsung+phone&qid=1774770319&sr=8-156
Samsung Galaxy S21 5G US Version 128GB Phantom Gray- Verizon (Renewed),,Samsung,Android,8 GB,Others,2.84 GHz,(339),https://www.amazon.com/Samsung-Galaxy-S21-5G-Version/dp/B093CB2R6L/ref=sr_1_155?dib=eyJ2IjoiMSJ9.KJukdzIZalCDveMlYWjVMkeSb7sjlEfTL6STzFaFLq5jYiFIo1zvAVaUz3xxhEyd3AFNpkob0WcIZgcUnYvSL8qcf647BbvpvipxQ6k8A-B5CPQgjiOQl-5HJwwfpWkAgJZ9YG47LiaOIgfVP54LfnQMPoHqttQlEwjcwafmOyY3XiIdoXpWWLhdb3m14ZEXlyKldVqZATdihFjyinYbbC0zacywRRXSF61h6UjJfdw.s4mqvSjo8KUC2YIe_yUwEkasFgx0LBfvxlGlQppJysw&dib_tag=se&keywords=samsung+phone&qid=1774770319&sr=8-155
SAMSUNG Galaxy S23 5G (128GB 8GB) 6.1 AMOLED 50MP 8K Camera Global Volte (International Model Fully Unlocked for AT&T Verizon T-Mobile Global 5G) S911W (w/ 25W Fast Charger Phantom Black),,Samsung,Android 13.0,8 GB,Qualcomm Snapdragon MSM8260A,3.2E+3 MHz,(123),https://www.amazon.com/SAMSUNG-International-Unlocked-Verizon-T-Mobile/dp/B0BQ4YCB92/ref=sr_1_154?dib=eyJ2IjoiMSJ9.KJukdzIZalCDveMlYWjVMkeSb7sjlEfTL6STzFaFLq5jYiFIo1zvAVaUz3xxhEyd3AFNpkob0WcIZgcUnYvSL8qcf647BbvpvipxQ6k8A-B5CPQgjiOQl-5HJwwfpWkAgJZ9YG47LiaOIgfVP54LfnQMPoHqttQlEwjcwafmOyY3XiIdoXpWWLhdb3m14ZEXlyKldVqZATdihFjyinYbbC0zacywRRXSF61h6UjJfdw.s4mqvSjo8KUC2YIe_yUwEkasFgx0LBfvxlGlQppJysw&dib_tag=se&keywords=samsung+phone&qid=1774770319&sr=8-154
Tracfone | Samsung Galaxy A14 5G | Locked | 64GB | 5000mAh Battery | 50 MP triple-camera system | 6.6-in. FHD+ LCD Display | Black,,TracFone,Android 13.0,4 GB,Snapdragon,2.2 GHz,(533),https://www.amazon.com/Tracfone-Samsung-5000mAh-Battery-triple-camera/dp/B0CCT2BR1J/ref=sr_1_153?dib=eyJ2IjoiMSJ9.KJukdzIZalCDveMlYWjVMkeSb7sjlEfTL6STzFaFLq5jYiFIo1zvAVaUz3xxhEyd3AFNpkob0WcIZgcUnYvSL8qcf647BbvpvipxQ6k8A-B5CPQgjiOQl-5HJwwfpWkAgJZ9YG47LiaOIgfVP54LfnQMPoHqttQlEwjcwafmOyY3XiIdoXpWWLhdb3m14ZEXlyKldVqZATdihFjyinYbbC0zacywRRXSF61h6UjJfdw.s4mqvSjo8KUC2YIe_yUwEkasFgx0LBfvxlGlQppJysw&dib_tag=se&keywords=samsung%2Bphone&qid=1774770319&sr=8-153&th=1
SAMSUNG Galaxy Note 10+ Plus (256GB 12GB) 6.8 QHD+ AMOLED Snapdragon 855 4300mAh Battery 4G LTE Fully Unlocked (T-Mobile Verizon Global) N975U1 US Model (w/Wireless Charger Pad Aura Black),,Samsung,Android,12 GB,Snapdragon,2.84 GHz,(178),https://www.amazon.com/SAMSUNG-Snapdragon-Unlocked-T-Mobile-Wireless/dp/B0BJ16M98N/ref=sr_1_152?dib=eyJ2IjoiMSJ9.KJukdzIZalCDveMlYWjVMkeSb7sjlEfTL6STzFaFLq5jYiFIo1zvAVaUz3xxhEyd3AFNpkob0WcIZgcUnYvSL8qcf647BbvpvipxQ6k8A-B5CPQgjiOQl-5HJwwfpWkAgJZ9YG47LiaOIgfVP54LfnQMPoHqttQlEwjcwafmOyY3XiIdoXpWWLhdb3m14ZEXlyKldVqZATdihFjyinYbbC0zacywRRXSF61h6UjJfdw.s4mqvSjo8KUC2YIe_yUwEkasFgx0LBfvxlGlQppJysw&dib_tag=se&keywords=samsung+phone&qid=1774770319&sr=8-152
Samsung Galaxy A51 128GB (6.5 inch) Display Quad Camera 48MP A515U T-Mobile/Sprint Unlocked Phone - Black (Renewed),,Samsung,Android 10.0,4 GB,Snapdragon,2.2 GHz,(176),https://www.amazon.com/A51-128GB-A515U-T-Mobile-Unlocked/dp/B086JYZY5T/ref=sr_1_151?dib=eyJ2IjoiMSJ9.KJukdzIZalCDveMlYWjVMkeSb7sjlEfTL6STzFaFLq5jYiFIo1zvAVaUz3xxhEyd3AFNpkob0WcIZgcUnYvSL8qcf647BbvpvipxQ6k8A-B5CPQgjiOQl-5HJwwfpWkAgJZ9YG47LiaOIgfVP54LfnQMPoHqttQlEwjcwafmOyY3XiIdoXpWWLhdb3m14ZEXlyKldVqZATdihFjyinYbbC0zacywRRXSF61h6UjJfdw.s4mqvSjo8KUC2YIe_yUwEkasFgx0LBfvxlGlQppJysw&dib_tag=se&keywords=samsung+phone&qid=1774770319&sr=8-151
Samsung Galaxy S22 SM-S901U Unlocked 128GB Green Excellent,,Samsung,Android 12.0,8 GB,Snapdragon,2.8 GHz,(229),https://www.amazon.com/Samsung-Galaxy-S22-SM-S901U-Excellent/dp/B09VT82B21/ref=sr_1_150?dib=eyJ2IjoiMSJ9.KJukdzIZalCDveMlYWjVMkeSb7sjlEfTL6STzFaFLq5jYiFIo1zvAVaUz3xxhEyd3AFNpkob0WcIZgcUnYvSL8qcf647BbvpvipxQ6k8A-B5CPQgjiOQl-5HJwwfpWkAgJZ9YG47LiaOIgfVP54LfnQMPoHqttQlEwjcwafmOyY3XiIdoXpWWLhdb3m14ZEXlyKldVqZATdihFjyinYbbC0zacywRRXSF61h6UjJfdw.s4mqvSjo8KUC2YIe_yUwEkasFgx0LBfvxlGlQppJysw&dib_tag=se&keywords=samsung+phone&qid=1774770319&sr=8-150
Samsung S20 Ultra 5G Factory Unlocked SM-G988U1 Cosmic Black 128GB - US Warranty (Renewed),,Samsung,Android 10.0,12 GB,Snapdragon,2.73 GHz,(864),https://www.amazon.com/Samsung-Factory-Unlocked-SM-G988U1-Cosmic/dp/B089YXP2Z1/ref=sr_1_149?dib=eyJ2IjoiMSJ9.KJukdzIZalCDveMlYWjVMkeSb7sjlEfTL6STzFaFLq5jYiFIo1zvAVaUz3xxhEyd3AFNpkob0WcIZgcUnYvSL8qcf647BbvpvipxQ6k8A-B5CPQgjiOQl-5HJwwfpWkAgJZ9YG47LiaOIgfVP54LfnQMPoHqttQlEwjcwafmOyY3XiIdoXpWWLhdb3m14ZEXlyKldVqZATdihFjyinYbbC0zacywRRXSF61h6UjJfdw.s4mqvSjo8KUC2YIe_yUwEkasFgx0LBfvxlGlQppJysw&dib_tag=se&keywords=samsung%2Bphone&qid=1774770319&sr=8-149&th=1
Samsung Galaxy Note 20 Ultra 5G 128GB Mystic Black - Fully Unlocked - SM-N986U1 (AT&T Verizon T-Mobile Global) w/Fast Wireless Charging Pad,,Samsung,Android 10.0,12 GB,Snapdragon,3.09 GHz,(70),https://www.amazon.com/Samsung-Galaxy-Ultra-128GB-Mystic/dp/B09X25MN5N/ref=sr_1_148?dib=eyJ2IjoiMSJ9.KJukdzIZalCDveMlYWjVMkeSb7sjlEfTL6STzFaFLq5jYiFIo1zvAVaUz3xxhEyd3AFNpkob0WcIZgcUnYvSL8qcf647BbvpvipxQ6k8A-B5CPQgjiOQl-5HJwwfpWkAgJZ9YG47LiaOIgfVP54LfnQMPoHqttQlEwjcwafmOyY3XiIdoXpWWLhdb3m14ZEXlyKldVqZATdihFjyinYbbC0zacywRRXSF61h6UjJfdw.s4mqvSjo8KUC2YIe_yUwEkasFgx0LBfvxlGlQppJysw&dib_tag=se&keywords=samsung+phone&qid=1774770319&sr=8-148
Samsung Galaxy S22 Smartphone 128GB T-Mobile - Phantom Black (Renewed),,Samsung,Android 12.0,8 GB,Snapdragon,2.8E+3 MHz,(272),https://www.amazon.com/Samsung-Galaxy-S22-Smartphone-T-Mobile/dp/B0B2X796SX/ref=sr_1_147?dib=eyJ2IjoiMSJ9.KJukdzIZalCDveMlYWjVMkeSb7sjlEfTL6STzFaFLq5jYiFIo1zvAVaUz3xxhEyd3AFNpkob0WcIZgcUnYvSL8qcf647BbvpvipxQ6k8A-B5CPQgjiOQl-5HJwwfpWkAgJZ9YG47LiaOIgfVP54LfnQMPoHqttQlEwjcwafmOyY3XiIdoXpWWLhdb3m14ZEXlyKldVqZATdihFjyinYbbC0zacywRRXSF61h6UjJfdw.s4mqvSjo8KUC2YIe_yUwEkasFgx0LBfvxlGlQppJysw&dib_tag=se&keywords=samsung+phone&qid=1774770319&sr=8-147
Samsung Galaxy S25+ Cell Phone 512GB AI Smartphone Unlocked Android AI Camera Fast Processor ProScaler Display Long Battery Life 2025 Mint (Renewed),,Samsung,Android,12 GB,Snapdragon,3.5 GHz,(7),https://www.amazon.com/Samsung-Smartphone-Unlocked-Processor-ProScaler/dp/B0F3G8DRG8/ref=sr_1_146?dib=eyJ2IjoiMSJ9.KJukdzIZalCDveMlYWjVMkeSb7sjlEfTL6STzFaFLq5jYiFIo1zvAVaUz3xxhEyd3AFNpkob0WcIZgcUnYvSL8qcf647BbvpvipxQ6k8A-B5CPQgjiOQl-5HJwwfpWkAgJZ9YG47LiaOIgfVP54LfnQMPoHqttQlEwjcwafmOyY3XiIdoXpWWLhdb3m14ZEXlyKldVqZATdihFjyinYbbC0zacywRRXSF61h6UjJfdw.s4mqvSjo8KUC2YIe_yUwEkasFgx0LBfvxlGlQppJysw&dib_tag=se&keywords=samsung+phone&qid=1774770319&sr=8-146
Samsung Galaxy S22 5G US Version 128GB Phantom Black - Verizon (Renewed),,Samsung,Android,,Snapdragon,2.99 GHz,(23),https://www.amazon.com/Samsung-Phantom-Black-Verizon-Renewed/dp/B09X7JBS4G/ref=sr_1_145?dib=eyJ2IjoiMSJ9.KJukdzIZalCDveMlYWjVMkeSb7sjlEfTL6STzFaFLq5jYiFIo1zvAVaUz3xxhEyd3AFNpkob0WcIZgcUnYvSL8qcf647BbvpvipxQ6k8A-B5CPQgjiOQl-5HJwwfpWkAgJZ9YG47LiaOIgfVP54LfnQMPoHqttQlEwjcwafmOyY3XiIdoXpWWLhdb3m14ZEXlyKldVqZATdihFjyinYbbC0zacywRRXSF61h6UjJfdw.s4mqvSjo8KUC2YIe_yUwEkasFgx0LBfvxlGlQppJysw&dib_tag=se&keywords=samsung+phone&qid=1774770319&sr=8-145
Samsung Galaxy Z Fold6 1TB F956U Unlocked,,Samsung,Android,12 GB,Snapdragon,3.39 GHz,(9),https://www.amazon.com/SAMSUNG-Galaxy-SM-F956U1-Unlocked-Renewed/dp/B0DK3YT6GW/ref=sr_1_144?dib=eyJ2IjoiMSJ9.eyEtQklldaS5rEchoIIFjA6qv2IuWb4x_5GHtuOxRdifphGP9yDRSjikPkPLR1_eyyDZZ6Yr6hyHHQzWLKoss2vbj4X6OKEePrQtsZxZVMerxLYK_RjoGxdA_d8hcI6SESCUe3_QRKNFUQs4r6GoEa3fCSKX9sp_5h6OEgfEiGAObPWt_7Pjlo85y4JqhJRGqRYgvFFvOd-gUjfWeGLPl9b60AjN5S93KhQp7WJ08UY.tXKn80GG_NWlP5RF3fNCixfxzBnPqDfRWUjb_xasat8&dib_tag=se&keywords=samsung+phone&qid=1774770307&sr=8-144
SAMSUNG Galaxy A71 5G (128GB 6GB) 6.7 AMOLED+ Snapdragon 765G 4500mAh Battery Global 5G Volte GSM AT&T Unlocked (T-Mobile Metro Straight Talk) A716U (Prism Cube Black) (Renewed),,Samsung,Android 10.0,8 GB,Snapdragon,"1.8, 2.2 GHz",(811),https://www.amazon.com/SAMSUNG-Galaxy-A71-5G-Snapdragon/dp/B08PQ5ZCNP/ref=sr_1_143?dib=eyJ2IjoiMSJ9.eyEtQklldaS5rEchoIIFjA6qv2IuWb4x_5GHtuOxRdifphGP9yDRSjikPkPLR1_eyyDZZ6Yr6hyHHQzWLKoss2vbj4X6OKEePrQtsZxZVMerxLYK_RjoGxdA_d8hcI6SESCUe3_QRKNFUQs4r6GoEa3fCSKX9sp_5h6OEgfEiGAObPWt_7Pjlo85y4JqhJRGqRYgvFFvOd-gUjfWeGLPl9b60AjN5S93KhQp7WJ08UY.tXKn80GG_NWlP5RF3fNCixfxzBnPqDfRWUjb_xasat8&dib_tag=se&keywords=samsung+phone&qid=1774770307&sr=8-143
Samsung Galaxy A15 5G (SM-A156U) | 4/64GB | for AT&T and GSM Unlocked | Blue/Black (Renewed),,Samsung,Android,,,,,https://www.amazon.com/Samsung-Galaxy-SM-A156U-Unlocked-Renewed/dp/B0G99R352K/ref=sr_1_142?dib=eyJ2IjoiMSJ9.eyEtQklldaS5rEchoIIFjA6qv2IuWb4x_5GHtuOxRdifphGP9yDRSjikPkPLR1_eyyDZZ6Yr6hyHHQzWLKoss2vbj4X6OKEePrQtsZxZVMerxLYK_RjoGxdA_d8hcI6SESCUe3_QRKNFUQs4r6GoEa3fCSKX9sp_5h6OEgfEiGAObPWt_7Pjlo85y4JqhJRGqRYgvFFvOd-gUjfWeGLPl9b60AjN5S93KhQp7WJ08UY.tXKn80GG_NWlP5RF3fNCixfxzBnPqDfRWUjb_xasat8&dib_tag=se&keywords=samsung+phone&qid=1774770307&sr=8-142
SAMSUNG Galaxy S23 5G Factory Unlocked 128GB - Lavender (Renewed),,Samsung,Android,8 GB,Snapdragon,3.36 GHz,(431),https://www.amazon.com/SAMSUNG-Galaxy-S23-Factory-Unlocked/dp/B0C5PZKN47/ref=sr_1_141?dib=eyJ2IjoiMSJ9.eyEtQklldaS5rEchoIIFjA6qv2IuWb4x_5GHtuOxRdifphGP9yDRSjikPkPLR1_eyyDZZ6Yr6hyHHQzWLKoss2vbj4X6OKEePrQtsZxZVMerxLYK_RjoGxdA_d8hcI6SESCUe3_QRKNFUQs4r6GoEa3fCSKX9sp_5h6OEgfEiGAObPWt_7Pjlo85y4JqhJRGqRYgvFFvOd-gUjfWeGLPl9b60AjN5S93KhQp7WJ08UY.tXKn80GG_NWlP5RF3fNCixfxzBnPqDfRWUjb_xasat8&dib_tag=se&keywords=samsung+phone&qid=1774770307&sr=8-141
Samsung Galaxy Z Flip 4 5G US Version 128GB Bora Purple - Unlocked (Renewed),,Samsung,Android,8 GB,Snapdragon,2.75 GHz,(3054),https://www.amazon.com/SAMSUNG-Galaxy-Flip-Version-Purple/dp/B0BKTP5XGT/ref=sr_1_140?dib=eyJ2IjoiMSJ9.eyEtQklldaS5rEchoIIFjA6qv2IuWb4x_5GHtuOxRdifphGP9yDRSjikPkPLR1_eyyDZZ6Yr6hyHHQzWLKoss2vbj4X6OKEePrQtsZxZVMerxLYK_RjoGxdA_d8hcI6SESCUe3_QRKNFUQs4r6GoEa3fCSKX9sp_5h6OEgfEiGAObPWt_7Pjlo85y4JqhJRGqRYgvFFvOd-gUjfWeGLPl9b60AjN5S93KhQp7WJ08UY.tXKn80GG_NWlP5RF3fNCixfxzBnPqDfRWUjb_xasat8&dib_tag=se&keywords=samsung%2Bphone&qid=1774770307&sr=8-140&th=1
Samsung Galaxy S20 Ultra 5G (128GB 12GB RAM) 6.9 AMOLED 2X Snapdragon 865 108MP Quad Camera Global 5G Volte (GSM+CDMA) AT&T Unlocked (T-Mobile Verizon Global Metro) G988U (Renewed),,Samsung,Android,12 GB,Snapdragon,2.8 GHz,(320),https://www.amazon.com/Samsung-Snapdragon-Unlocked-T-Mobile-Verizon/dp/B09352C4XY/ref=sr_1_139?dib=eyJ2IjoiMSJ9.eyEtQklldaS5rEchoIIFjA6qv2IuWb4x_5GHtuOxRdifphGP9yDRSjikPkPLR1_eyyDZZ6Yr6hyHHQzWLKoss2vbj4X6OKEePrQtsZxZVMerxLYK_RjoGxdA_d8hcI6SESCUe3_QRKNFUQs4r6GoEa3fCSKX9sp_5h6OEgfEiGAObPWt_7Pjlo85y4JqhJRGqRYgvFFvOd-gUjfWeGLPl9b60AjN5S93KhQp7WJ08UY.tXKn80GG_NWlP5RF3fNCixfxzBnPqDfRWUjb_xasat8&dib_tag=se&keywords=samsung+phone&qid=1774770307&sr=8-139
Samsung Galaxy S10+ Plus SM-G975F/DS 4G LTE International Version (No US Warranty) 128GB+8GB RAM Prism White - GSM Unlocked,,Samsung,Android 9.0,8 GB,Snapdragon,"1.95, 2.31, 2.73 GHz",(464),https://www.amazon.com/Samsung-SM-G975F-Smartphone-International-No-Warranty/dp/B07NZXBRPS/ref=sr_1_138?dib=eyJ2IjoiMSJ9.eyEtQklldaS5rEchoIIFjA6qv2IuWb4x_5GHtuOxRdifphGP9yDRSjikPkPLR1_eyyDZZ6Yr6hyHHQzWLKoss2vbj4X6OKEePrQtsZxZVMerxLYK_RjoGxdA_d8hcI6SESCUe3_QRKNFUQs4r6GoEa3fCSKX9sp_5h6OEgfEiGAObPWt_7Pjlo85y4JqhJRGqRYgvFFvOd-gUjfWeGLPl9b60AjN5S93KhQp7WJ08UY.tXKn80GG_NWlP5RF3fNCixfxzBnPqDfRWUjb_xasat8&dib_tag=se&keywords=samsung+phone&qid=1774770307&sr=8-138
Samsung Type-C USB Flash Drive 256GB Transfers 4GB Files in 11 Secs w/Up to 400MB/s USB 3.2 Gen 1 Read Speeds Compatible w/USB 3.0/2.0 Waterproof 2022 Blue MUF-256DA/AM,,Samsung,,,,,(17012),https://www.amazon.com/SAMSUNG-Type-CTM-Transfers-Compatible-Waterproof/dp/B09WB2NL8W/ref=sr_1_137?dib=eyJ2IjoiMSJ9.eyEtQklldaS5rEchoIIFjA6qv2IuWb4x_5GHtuOxRdifphGP9yDRSjikPkPLR1_eyyDZZ6Yr6hyHHQzWLKoss2vbj4X6OKEePrQtsZxZVMerxLYK_RjoGxdA_d8hcI6SESCUe3_QRKNFUQs4r6GoEa3fCSKX9sp_5h6OEgfEiGAObPWt_7Pjlo85y4JqhJRGqRYgvFFvOd-gUjfWeGLPl9b60AjN5S93KhQp7WJ08UY.tXKn80GG_NWlP5RF3fNCixfxzBnPqDfRWUjb_xasat8&dib_tag=se&keywords=samsung%2Bphone&qid=1774770307&sr=8-137&th=1
SAMSUNG Galaxy S23+ Plus 5G Factory Unlocked 512GB - Phantom Black (Renewed),,Samsung,Android,8 GB,Snapdragon,3.36 GHz,(62),https://www.amazon.com/SAMSUNG-Galaxy-Factory-Unlocked-512GB/dp/B0C7D32QD5/ref=sr_1_136?dib=eyJ2IjoiMSJ9.eyEtQklldaS5rEchoIIFjA6qv2IuWb4x_5GHtuOxRdifphGP9yDRSjikPkPLR1_eyyDZZ6Yr6hyHHQzWLKoss2vbj4X6OKEePrQtsZxZVMerxLYK_RjoGxdA_d8hcI6SESCUe3_QRKNFUQs4r6GoEa3fCSKX9sp_5h6OEgfEiGAObPWt_7Pjlo85y4JqhJRGqRYgvFFvOd-gUjfWeGLPl9b60AjN5S93KhQp7WJ08UY.tXKn80GG_NWlP5RF3fNCixfxzBnPqDfRWUjb_xasat8&dib_tag=se&keywords=samsung+phone&qid=1774770307&sr=8-136
Samsung Galaxy A14 5G (SM-A146U) 64GB + 4GB RAM 6.6 FHD+ Display Cricket Black Android (Renewed),,Samsung,Android,4 GB,,,(20),https://www.amazon.com/Samsung-SM-A146U-Display-Cricket-Android/dp/B0FH33SXXQ/ref=sr_1_135?dib=eyJ2IjoiMSJ9.eyEtQklldaS5rEchoIIFjA6qv2IuWb4x_5GHtuOxRdifphGP9yDRSjikPkPLR1_eyyDZZ6Yr6hyHHQzWLKoss2vbj4X6OKEePrQtsZxZVMerxLYK_RjoGxdA_d8hcI6SESCUe3_QRKNFUQs4r6GoEa3fCSKX9sp_5h6OEgfEiGAObPWt_7Pjlo85y4JqhJRGqRYgvFFvOd-gUjfWeGLPl9b60AjN5S93KhQp7WJ08UY.tXKn80GG_NWlP5RF3fNCixfxzBnPqDfRWUjb_xasat8&dib_tag=se&keywords=samsung+phone&qid=1774770307&sr=8-135
SAMSUNG Galaxy Tab A9 4G LTE (64GB 4GB Cellular) 8.7 Android Tab Octacore (6nm) Dual Speakers (International Model) X115 (w/15W Fast Charger Graphite),,Samsung,,,,,(691),https://www.amazon.com/SAMSUNG-Cellular-Octa-core-Speakers-International/dp/B0D6CJCRRF/ref=sr_1_134?dib=eyJ2IjoiMSJ9.eyEtQklldaS5rEchoIIFjA6qv2IuWb4x_5GHtuOxRdifphGP9yDRSjikPkPLR1_eyyDZZ6Yr6hyHHQzWLKoss2vbj4X6OKEePrQtsZxZVMerxLYK_RjoGxdA_d8hcI6SESCUe3_QRKNFUQs4r6GoEa3fCSKX9sp_5h6OEgfEiGAObPWt_7Pjlo85y4JqhJRGqRYgvFFvOd-gUjfWeGLPl9b60AjN5S93KhQp7WJ08UY.tXKn80GG_NWlP5RF3fNCixfxzBnPqDfRWUjb_xasat8&dib_tag=se&keywords=samsung+phone&qid=1774770307&sr=8-134
Samsung Galaxy Z Flip7 FE Cell Phone 256GB AI Smartphone Unlocked Android Long Battery Life 2025 Black (Renewed),,Samsung,"Android 16, OneUI 8",,,,(3),https://www.amazon.com/Samsung-Smartphone-Unlocked-Android-Battery/dp/B0FQ7VHL2L/ref=sr_1_133?dib=eyJ2IjoiMSJ9.eyEtQklldaS5rEchoIIFjA6qv2IuWb4x_5GHtuOxRdifphGP9yDRSjikPkPLR1_eyyDZZ6Yr6hyHHQzWLKoss2vbj4X6OKEePrQtsZxZVMerxLYK_RjoGxdA_d8hcI6SESCUe3_QRKNFUQs4r6GoEa3fCSKX9sp_5h6OEgfEiGAObPWt_7Pjlo85y4JqhJRGqRYgvFFvOd-gUjfWeGLPl9b60AjN5S93KhQp7WJ08UY.tXKn80GG_NWlP5RF3fNCixfxzBnPqDfRWUjb_xasat8&dib_tag=se&keywords=samsung+phone&qid=1774770307&sr=8-133
Samsung Galaxy S22 5G US Version 128GB Black - AT&T (Renewed),,Samsung,Android,8 GB,,,(82),https://www.amazon.com/SAMSUNG-Galaxy-S22-SM-S901U-Renewed/dp/B0BJ7V7BV9/ref=sr_1_132?dib=eyJ2IjoiMSJ9.eyEtQklldaS5rEchoIIFjA6qv2IuWb4x_5GHtuOxRdifphGP9yDRSjikPkPLR1_eyyDZZ6Yr6hyHHQzWLKoss2vbj4X6OKEePrQtsZxZVMerxLYK_RjoGxdA_d8hcI6SESCUe3_QRKNFUQs4r6GoEa3fCSKX9sp_5h6OEgfEiGAObPWt_7Pjlo85y4JqhJRGqRYgvFFvOd-gUjfWeGLPl9b60AjN5S93KhQp7WJ08UY.tXKn80GG_NWlP5RF3fNCixfxzBnPqDfRWUjb_xasat8&dib_tag=se&keywords=samsung+phone&qid=1774770307&sr=8-132
SAMSUNG Galaxy S25+ Cell Phone 256GB AI Smartphone Unlocked Android AI Camera Fast Processor ProScaler Display Long Battery Life 2025 Mint (Renewed),,Samsung,Android,12 GB,Snapdragon,4.47 GHz,(341),https://www.amazon.com/SAMSUNG-Smartphone-Unlocked-Processor-ProScaler/dp/B0F3B9MQZQ/ref=sr_1_131?dib=eyJ2IjoiMSJ9.eyEtQklldaS5rEchoIIFjA6qv2IuWb4x_5GHtuOxRdifphGP9yDRSjikPkPLR1_eyyDZZ6Yr6hyHHQzWLKoss2vbj4X6OKEePrQtsZxZVMerxLYK_RjoGxdA_d8hcI6SESCUe3_QRKNFUQs4r6GoEa3fCSKX9sp_5h6OEgfEiGAObPWt_7Pjlo85y4JqhJRGqRYgvFFvOd-gUjfWeGLPl9b60AjN5S93KhQp7WJ08UY.tXKn80GG_NWlP5RF3fNCixfxzBnPqDfRWUjb_xasat8&dib_tag=se&keywords=samsung%2Bphone&qid=1774770307&sr=8-131&th=1
SAMSUNG Galaxy S21 128GB Grey New Factory Unlocked,,Samsung,Android 11.0,8 GB,1.2GHz Cortex A13 Processor,3.4 GHz,(64),https://www.amazon.com/SAMSUNG-Galaxy-128GB-Factory-Unlocked/dp/B0C1HRF327/ref=sr_1_130?dib=eyJ2IjoiMSJ9.eyEtQklldaS5rEchoIIFjA6qv2IuWb4x_5GHtuOxRdifphGP9yDRSjikPkPLR1_eyyDZZ6Yr6hyHHQzWLKoss2vbj4X6OKEePrQtsZxZVMerxLYK_RjoGxdA_d8hcI6SESCUe3_QRKNFUQs4r6GoEa3fCSKX9sp_5h6OEgfEiGAObPWt_7Pjlo85y4JqhJRGqRYgvFFvOd-gUjfWeGLPl9b60AjN5S93KhQp7WJ08UY.tXKn80GG_NWlP5RF3fNCixfxzBnPqDfRWUjb_xasat8&dib_tag=se&keywords=samsung+phone&qid=1774770307&sr=8-130
Samsung Tracfone Galaxy A03s | Locked | 32GB | 5000mAh Battery | 48MP Main Camera | 6.5-in. HD+Infinity-V Display | Black,,Samsung,Android 11.0,3 GB,1.2GHz Cortex A8 Processor,2.3 GHz,(476),https://www.amazon.com/Tracfone-Samsung-5000mAh-Battery-Infinity-V/dp/B0CHK6LWKZ/ref=sr_1_129?dib=eyJ2IjoiMSJ9.eyEtQklldaS5rEchoIIFjA6qv2IuWb4x_5GHtuOxRdifphGP9yDRSjikPkPLR1_eyyDZZ6Yr6hyHHQzWLKoss2vbj4X6OKEePrQtsZxZVMerxLYK_RjoGxdA_d8hcI6SESCUe3_QRKNFUQs4r6GoEa3fCSKX9sp_5h6OEgfEiGAObPWt_7Pjlo85y4JqhJRGqRYgvFFvOd-gUjfWeGLPl9b60AjN5S93KhQp7WJ08UY.tXKn80GG_NWlP5RF3fNCixfxzBnPqDfRWUjb_xasat8&dib_tag=se&keywords=samsung+phone&qid=1774770307&sr=8-129
SAMSUNG Galaxy S22 5G SM-S901B/DS 128GB 8GB Dual SIM Factory Unlocked GSM Smartphone - International Version (Phantom Black),,Samsung,Android 12.0,8 GB,Qualcomm Snapdragon MSM8260A,,(359),https://www.amazon.com/SAMSUNG-SM-S901B-Factory-Unlocked-Smartphone/dp/B09QLCJS8K/ref=sr_1_128?dib=eyJ2IjoiMSJ9.n0QZuUpUpcaCIhMzRpR3YgDmAbiM2i_ylLi7M_-EnMDYdmobLeVzCFMLWwu3XMsFtukY1myZ06fP2JX7b98SsxxRqpRXpLXtcSuxkZwpFxTPRCWXA6ET_opfmvZHH8VG_B-p0bWRFcDw9Ppooe4xgRKzVrqlSTcyPn-hyoysBiaBe8cuyaZpHkCCsz-tDmY0JahPHGCuyuvZ71K1SPoGXxPgzkfLYg871SYInKPR1ik.fGTEk0UEWjCEULdFispKVZFUBqvTCgvG-3IWP9EmAh8&dib_tag=se&keywords=samsung+phone&qid=1774770301&sr=8-128
SAMSUNG Galaxy S25 Ultra 256GB 12GB RAM AI Smartphone Factory Unlocked Global Model - Titanium Gray (Renewed),,Samsung,Android,12 GB,Snapdragon,3.5 GHz,(47),https://www.amazon.com/SAMSUNG-Galaxy-Smartphone-Factory-Unlocked/dp/B0F38X8HJC/ref=sr_1_127?dib=eyJ2IjoiMSJ9.n0QZuUpUpcaCIhMzRpR3YgDmAbiM2i_ylLi7M_-EnMDYdmobLeVzCFMLWwu3XMsFtukY1myZ06fP2JX7b98SsxxRqpRXpLXtcSuxkZwpFxTPRCWXA6ET_opfmvZHH8VG_B-p0bWRFcDw9Ppooe4xgRKzVrqlSTcyPn-hyoysBiaBe8cuyaZpHkCCsz-tDmY0JahPHGCuyuvZ71K1SPoGXxPgzkfLYg871SYInKPR1ik.fGTEk0UEWjCEULdFispKVZFUBqvTCgvG-3IWP9EmAh8&dib_tag=se&keywords=samsung+phone&qid=1774770301&sr=8-127
Samsung Galaxy S23 FE Factory Unlocked 128GB - Purple (Renewed),,Samsung,Android,8 GB,Snapdragon,2.5 GHz,(62),https://www.amazon.com/Samsung-Galaxy-S23-FE-Unlocked/dp/B0CXJL4843/ref=sr_1_126?dib=eyJ2IjoiMSJ9.n0QZuUpUpcaCIhMzRpR3YgDmAbiM2i_ylLi7M_-EnMDYdmobLeVzCFMLWwu3XMsFtukY1myZ06fP2JX7b98SsxxRqpRXpLXtcSuxkZwpFxTPRCWXA6ET_opfmvZHH8VG_B-p0bWRFcDw9Ppooe4xgRKzVrqlSTcyPn-hyoysBiaBe8cuyaZpHkCCsz-tDmY0JahPHGCuyuvZ71K1SPoGXxPgzkfLYg871SYInKPR1ik.fGTEk0UEWjCEULdFispKVZFUBqvTCgvG-3IWP9EmAh8&dib_tag=se&keywords=samsung+phone&qid=1774770301&sr=8-126
SAMSUNG Galaxy S22+ Plus 5G (128GB 8GB) 6.2 AMOLED 50MP Camera Volte (Fully Unlocked for AT&T Verizon T-Mobile Global) S906U1 US Model (w/ 25W Super Fast Charge Cube Phantom Black) (Renewed),,Samsung,Android,8 GB,Snapdragon 8 Gen1,2.8 GHz,(106),https://www.amazon.com/SAMSUNG-Unlocked-Verizon-T-Mobile-Phantom/dp/B0BSNVNV7H/ref=sr_1_125?dib=eyJ2IjoiMSJ9.n0QZuUpUpcaCIhMzRpR3YgDmAbiM2i_ylLi7M_-EnMDYdmobLeVzCFMLWwu3XMsFtukY1myZ06fP2JX7b98SsxxRqpRXpLXtcSuxkZwpFxTPRCWXA6ET_opfmvZHH8VG_B-p0bWRFcDw9Ppooe4xgRKzVrqlSTcyPn-hyoysBiaBe8cuyaZpHkCCsz-tDmY0JahPHGCuyuvZ71K1SPoGXxPgzkfLYg871SYInKPR1ik.fGTEk0UEWjCEULdFispKVZFUBqvTCgvG-3IWP9EmAh8&dib_tag=se&keywords=samsung+phone&qid=1774770301&sr=8-125
Samsung Galaxy A35 5G (256GB + 8GB) (for Tmobile Mint Tello & Global) GSM Unlocked SM-A356E/DS 6.6 120Hz 50MP Triple (Awesome Iceblue),,Samsung,Android,8 GB,Exynos 1380 S5E8835,2 GHz,(136),https://www.amazon.com/Samsung-A35-Tmobile-Unlocked-SM-A356E/dp/B0D5RMS279/ref=sr_1_124?dib=eyJ2IjoiMSJ9.n0QZuUpUpcaCIhMzRpR3YgDmAbiM2i_ylLi7M_-EnMDYdmobLeVzCFMLWwu3XMsFtukY1myZ06fP2JX7b98SsxxRqpRXpLXtcSuxkZwpFxTPRCWXA6ET_opfmvZHH8VG_B-p0bWRFcDw9Ppooe4xgRKzVrqlSTcyPn-hyoysBiaBe8cuyaZpHkCCsz-tDmY0JahPHGCuyuvZ71K1SPoGXxPgzkfLYg871SYInKPR1ik.fGTEk0UEWjCEULdFispKVZFUBqvTCgvG-3IWP9EmAh8&dib_tag=se&keywords=samsung%2Bphone&qid=1774770301&sr=8-124&th=1
Samsung Galaxy A17 4G Ai (128GB + 4GB) Unlocked (Compatible only with T-Mobile Mint Tello & Global) SM-A175F/DS Dual Sim Warranty Latin America 6.7 50MP Triple (Light Blue SM-A175FLBFGTO),,Samsung,Android 15,8 GB,MediaTek Helio,2.2 GHz,(15),https://www.amazon.com/Samsung-Compatible-SM-A175F-DS-SM-A175FLBFGTO/dp/B0FRN7T6R2/ref=sr_1_123?dib=eyJ2IjoiMSJ9.n0QZuUpUpcaCIhMzRpR3YgDmAbiM2i_ylLi7M_-EnMDYdmobLeVzCFMLWwu3XMsFtukY1myZ06fP2JX7b98SsxxRqpRXpLXtcSuxkZwpFxTPRCWXA6ET_opfmvZHH8VG_B-p0bWRFcDw9Ppooe4xgRKzVrqlSTcyPn-hyoysBiaBe8cuyaZpHkCCsz-tDmY0JahPHGCuyuvZ71K1SPoGXxPgzkfLYg871SYInKPR1ik.fGTEk0UEWjCEULdFispKVZFUBqvTCgvG-3IWP9EmAh8&dib_tag=se&keywords=samsung%2Bphone&qid=1774770301&sr=8-123&th=1
Samsung Galaxy S20 Ultra 5G (128GB 12GB RAM) 6.9 AMOLED 2X Snapdragon 865 108MP Quad Camera Global 5G Volte (GSM+CDMA) AT&T Unlocked (T-Mobile Verizon Global Metro) G988U,,Samsung,Android 10.0,12 GB,Snapdragon,"1.8, 2.4, 2.8 GHz",(78),https://www.amazon.com/Samsung-Snapdragon-Unlocked-T-Mobile-Verizon/dp/B085PQ5T2T/ref=sr_1_122?dib=eyJ2IjoiMSJ9.n0QZuUpUpcaCIhMzRpR3YgDmAbiM2i_ylLi7M_-EnMDYdmobLeVzCFMLWwu3XMsFtukY1myZ06fP2JX7b98SsxxRqpRXpLXtcSuxkZwpFxTPRCWXA6ET_opfmvZHH8VG_B-p0bWRFcDw9Ppooe4xgRKzVrqlSTcyPn-hyoysBiaBe8cuyaZpHkCCsz-tDmY0JahPHGCuyuvZ71K1SPoGXxPgzkfLYg871SYInKPR1ik.fGTEk0UEWjCEULdFispKVZFUBqvTCgvG-3IWP9EmAh8&dib_tag=se&keywords=samsung+phone&qid=1774770301&sr=8-122
Samsung Galaxy S22+ Smartphone Factory Unlocked Android Cell Phone 256GB 8K Camera & Video Brightest Display Long Battery Life Fast 4nm Processor US Version Phantom Black (Renewed),,Samsung,Android,8 GB,Snapdragon 8 Gen1,3 GHz,(298),https://www.amazon.com/Samsung-Smartphone-Unlocked-Brightest-Processor/dp/B09VFNKSSV/ref=sr_1_121?dib=eyJ2IjoiMSJ9.n0QZuUpUpcaCIhMzRpR3YgDmAbiM2i_ylLi7M_-EnMDYdmobLeVzCFMLWwu3XMsFtukY1myZ06fP2JX7b98SsxxRqpRXpLXtcSuxkZwpFxTPRCWXA6ET_opfmvZHH8VG_B-p0bWRFcDw9Ppooe4xgRKzVrqlSTcyPn-hyoysBiaBe8cuyaZpHkCCsz-tDmY0JahPHGCuyuvZ71K1SPoGXxPgzkfLYg871SYInKPR1ik.fGTEk0UEWjCEULdFispKVZFUBqvTCgvG-3IWP9EmAh8&dib_tag=se&keywords=samsung+phone&qid=1774770301&sr=8-121
Samsung Galaxy A53 5G A Series Cell Phone Factory Unlocked Android Smartphone 128GB 6.5” FHD Super AMOLED Screen Long Battery Life US Version Black (Renewed),,Samsung,Android,6 GB,Exynos 1280,2 GHz,(771),https://www.amazon.com/SAMSUNG-Smartphone-Unlocked-Android-Battery/dp/B09XP9FX25/ref=sr_1_120?dib=eyJ2IjoiMSJ9.n0QZuUpUpcaCIhMzRpR3YgDmAbiM2i_ylLi7M_-EnMDYdmobLeVzCFMLWwu3XMsFtukY1myZ06fP2JX7b98SsxxRqpRXpLXtcSuxkZwpFxTPRCWXA6ET_opfmvZHH8VG_B-p0bWRFcDw9Ppooe4xgRKzVrqlSTcyPn-hyoysBiaBe8cuyaZpHkCCsz-tDmY0JahPHGCuyuvZ71K1SPoGXxPgzkfLYg871SYInKPR1ik.fGTEk0UEWjCEULdFispKVZFUBqvTCgvG-3IWP9EmAh8&dib_tag=se&keywords=samsung+phone&qid=1774770301&sr=8-120
Samsung Galaxy S25 Edge Phone 256 GB AI Smartphone Unlocked Android Night Video Fast Processor ProScaler Display All-Day Battery 2025 US 1 Yr Manufacturer Warranty Titanium JetBlack (Renewed),,Samsung,"Android 15, One UI 7",12 GB,Snapdragon 8 Elite,,(59),https://www.amazon.com/Samsung-S25-Edge-Smartphone-Manufacturer/dp/B0FHJ65TGS/ref=sr_1_119?dib=eyJ2IjoiMSJ9.n0QZuUpUpcaCIhMzRpR3YgDmAbiM2i_ylLi7M_-EnMDYdmobLeVzCFMLWwu3XMsFtukY1myZ06fP2JX7b98SsxxRqpRXpLXtcSuxkZwpFxTPRCWXA6ET_opfmvZHH8VG_B-p0bWRFcDw9Ppooe4xgRKzVrqlSTcyPn-hyoysBiaBe8cuyaZpHkCCsz-tDmY0JahPHGCuyuvZ71K1SPoGXxPgzkfLYg871SYInKPR1ik.fGTEk0UEWjCEULdFispKVZFUBqvTCgvG-3IWP9EmAh8&dib_tag=se&keywords=samsung%2Bphone&qid=1774770301&sr=8-119&th=1
Samsung Galaxy J3 J327 (2017) 4G LTE Unlocked Smartphone 16GB Storage 2GB RAM Black (Renewed),,Samsung,Android 7.0,2 GB,1.2GHz Cortex A13 Processor,1.4 GHz,(1),https://www.amazon.com/Samsung-Unlocked-Smartphone-Storage-Renewed/dp/B0FTF1S7K6/ref=sr_1_118?dib=eyJ2IjoiMSJ9.n0QZuUpUpcaCIhMzRpR3YgDmAbiM2i_ylLi7M_-EnMDYdmobLeVzCFMLWwu3XMsFtukY1myZ06fP2JX7b98SsxxRqpRXpLXtcSuxkZwpFxTPRCWXA6ET_opfmvZHH8VG_B-p0bWRFcDw9Ppooe4xgRKzVrqlSTcyPn-hyoysBiaBe8cuyaZpHkCCsz-tDmY0JahPHGCuyuvZ71K1SPoGXxPgzkfLYg871SYInKPR1ik.fGTEk0UEWjCEULdFispKVZFUBqvTCgvG-3IWP9EmAh8&dib_tag=se&keywords=samsung+phone&qid=1774770301&sr=8-118
SAMSUNG Galaxy S25 SM-S931B/DS 256GB 12GB RAM AI Smartphone Factory Unlocked Global Model - Silver Shadow,,Samsung,"Android 15, One UI 7",12 GB,Snapdragon,4.47 GHz,(36),https://www.amazon.com/SAMSUNG-SM-S931B-Smartphone-Factory-Unlocked/dp/B0DV4565FW/ref=sr_1_117?dib=eyJ2IjoiMSJ9.n0QZuUpUpcaCIhMzRpR3YgDmAbiM2i_ylLi7M_-EnMDYdmobLeVzCFMLWwu3XMsFtukY1myZ06fP2JX7b98SsxxRqpRXpLXtcSuxkZwpFxTPRCWXA6ET_opfmvZHH8VG_B-p0bWRFcDw9Ppooe4xgRKzVrqlSTcyPn-hyoysBiaBe8cuyaZpHkCCsz-tDmY0JahPHGCuyuvZ71K1SPoGXxPgzkfLYg871SYInKPR1ik.fGTEk0UEWjCEULdFispKVZFUBqvTCgvG-3IWP9EmAh8&dib_tag=se&keywords=samsung%2Bphone&qid=1774770301&sr=8-117&th=1
SAMSUNG Galaxy S23 Ultra 5G Factory Unlocked 512GB - Cream (Renewed),,Samsung,Android,12 GB,Snapdragon,3.36 GHz,(90),https://www.amazon.com/SAMSUNG-Galaxy-Ultra-Factory-Unlocked/dp/B0C51KT5SC/ref=sr_1_116?dib=eyJ2IjoiMSJ9.n0QZuUpUpcaCIhMzRpR3YgDmAbiM2i_ylLi7M_-EnMDYdmobLeVzCFMLWwu3XMsFtukY1myZ06fP2JX7b98SsxxRqpRXpLXtcSuxkZwpFxTPRCWXA6ET_opfmvZHH8VG_B-p0bWRFcDw9Ppooe4xgRKzVrqlSTcyPn-hyoysBiaBe8cuyaZpHkCCsz-tDmY0JahPHGCuyuvZ71K1SPoGXxPgzkfLYg871SYInKPR1ik.fGTEk0UEWjCEULdFispKVZFUBqvTCgvG-3IWP9EmAh8&dib_tag=se&keywords=samsung+phone&qid=1774770301&sr=8-116
SAMSUNG Galaxy S20+ 5G (128GB 12GB) 6.7 120Hz AMOLED Snapdragon 865 IP68 Water-Resistant Fully Unlocked US Model (AT&T Verizon T-Mobile Global) SM-G986U1 (w/Fast Wireless Charge Pad Black),,Samsung,Android 10.0,12 GB,Snapdragon,2.84 GHz,(445),https://www.amazon.com/Snapdragon-Water-Resistant-Unlocked-T-Mobile-SM-G986U1/dp/B09TN9RXFW/ref=sr_1_115?dib=eyJ2IjoiMSJ9.n0QZuUpUpcaCIhMzRpR3YgDmAbiM2i_ylLi7M_-EnMDYdmobLeVzCFMLWwu3XMsFtukY1myZ06fP2JX7b98SsxxRqpRXpLXtcSuxkZwpFxTPRCWXA6ET_opfmvZHH8VG_B-p0bWRFcDw9Ppooe4xgRKzVrqlSTcyPn-hyoysBiaBe8cuyaZpHkCCsz-tDmY0JahPHGCuyuvZ71K1SPoGXxPgzkfLYg871SYInKPR1ik.fGTEk0UEWjCEULdFispKVZFUBqvTCgvG-3IWP9EmAh8&dib_tag=se&keywords=samsung%2Bphone&qid=1774770301&sr=8-115&th=1
Samsung Galaxy S22+ Plus 5G US Version 256GB White - AT&T (Renewed),,Samsung,Android,8 GB,Snapdragon S5,,(5),https://www.amazon.com/SAMSUNG-S22-PLUS-256GB-WHITE/dp/B0BV7GX6SX/ref=sr_1_114?dib=eyJ2IjoiMSJ9.n0QZuUpUpcaCIhMzRpR3YgDmAbiM2i_ylLi7M_-EnMDYdmobLeVzCFMLWwu3XMsFtukY1myZ06fP2JX7b98SsxxRqpRXpLXtcSuxkZwpFxTPRCWXA6ET_opfmvZHH8VG_B-p0bWRFcDw9Ppooe4xgRKzVrqlSTcyPn-hyoysBiaBe8cuyaZpHkCCsz-tDmY0JahPHGCuyuvZ71K1SPoGXxPgzkfLYg871SYInKPR1ik.fGTEk0UEWjCEULdFispKVZFUBqvTCgvG-3IWP9EmAh8&dib_tag=se&keywords=samsung+phone&qid=1774770301&sr=8-114
SAMSUNG Galaxy A36 5G 2025 | 128GB 6GB | 6.7 AMOLED Android 15 US Version Unlocked for Verizon T-Mobile Global | Awesome Black (Renewed),,,,,,,(42),https://www.amazon.com/SAMSUNG-Android-Version-Unlocked-T-Mobile/dp/B0FHM3J8NM/ref=sr_1_113?dib=eyJ2IjoiMSJ9.n0QZuUpUpcaCIhMzRpR3YgDmAbiM2i_ylLi7M_-EnMDYdmobLeVzCFMLWwu3XMsFtukY1myZ06fP2JX7b98SsxxRqpRXpLXtcSuxkZwpFxTPRCWXA6ET_opfmvZHH8VG_B-p0bWRFcDw9Ppooe4xgRKzVrqlSTcyPn-hyoysBiaBe8cuyaZpHkCCsz-tDmY0JahPHGCuyuvZ71K1SPoGXxPgzkfLYg871SYInKPR1ik.fGTEk0UEWjCEULdFispKVZFUBqvTCgvG-3IWP9EmAh8&dib_tag=se&keywords=samsung+phone&qid=1774770301&sr=8-113
Samsung Galaxy S21 5G US Version 128GB Phantom Gray - T-Mobile (Renewed),,Samsung,Android 11.0,8 GB,Snapdragon S1,2.8 GHz,(631),https://www.amazon.com/SAMSUNG-Galaxy-Version-128GB-Phantom/dp/B0931V6S29/ref=sr_1_112?dib=eyJ2IjoiMSJ9.UhjVafDYuLxYUq6d5g-RypV5bWK4_lfhQ9IVmklu7BPgISg6aZ4HYbEIOYZlTx21eCrkHFqWm_FP7cSJdLXzIZSbvombYOnTvozLHID3UnRmun9iyqBuWuvkqHDfId_Fq3qqpEU1KsWUFe7ysx-QbEVPwx5JnFEjsnOBHpB7e2dHxA7UJcVhYuQEJRnUR0zSusREGkQNNd3fRX5Vsy4TTYgmlhXkMi__v2zJCt6joI8.oWsGbDxxk5p92Ij7DqsZuHKhenINiuGTXEnBxkGRs10&dib_tag=se&keywords=samsung+phone&qid=1774770295&sr=8-112
Samsung Galaxy S23 FE AI Cell Phone 128GB Unlocked Android Smartphone Long Battery Life Premium Power Processor Tough Gorilla Glass Display Hi-Res 50MP Camera US Version 2023 Graphite,,Samsung,"Android 13.0, One UI",8 GB,Snapdragon 8 Gen1,3 GHz,(1579),https://www.amazon.com/SAMSUNG-Unlocked-Smartphone-Processor-Graphite/dp/B0CD9645MM/ref=sr_1_111?dib=eyJ2IjoiMSJ9.UhjVafDYuLxYUq6d5g-RypV5bWK4_lfhQ9IVmklu7BPgISg6aZ4HYbEIOYZlTx21eCrkHFqWm_FP7cSJdLXzIZSbvombYOnTvozLHID3UnRmun9iyqBuWuvkqHDfId_Fq3qqpEU1KsWUFe7ysx-QbEVPwx5JnFEjsnOBHpB7e2dHxA7UJcVhYuQEJRnUR0zSusREGkQNNd3fRX5Vsy4TTYgmlhXkMi__v2zJCt6joI8.oWsGbDxxk5p92Ij7DqsZuHKhenINiuGTXEnBxkGRs10&dib_tag=se&keywords=samsung+phone&qid=1774770295&sr=8-111
Samsung Galaxy S24 Ultra 5G US Version 256GB Titanium Gray - Unlocked (Renewed),,Samsung,Android,12 GB,Snapdragon,3.39 GHz,(1516),https://www.amazon.com/SAMSUNG-Galaxy-Ultra-Version-Titanium/dp/B0D4RCLGVJ/ref=sr_1_110?dib=eyJ2IjoiMSJ9.UhjVafDYuLxYUq6d5g-RypV5bWK4_lfhQ9IVmklu7BPgISg6aZ4HYbEIOYZlTx21eCrkHFqWm_FP7cSJdLXzIZSbvombYOnTvozLHID3UnRmun9iyqBuWuvkqHDfId_Fq3qqpEU1KsWUFe7ysx-QbEVPwx5JnFEjsnOBHpB7e2dHxA7UJcVhYuQEJRnUR0zSusREGkQNNd3fRX5Vsy4TTYgmlhXkMi__v2zJCt6joI8.oWsGbDxxk5p92Ij7DqsZuHKhenINiuGTXEnBxkGRs10&dib_tag=se&keywords=samsung%2Bphone&qid=1774770295&sr=8-110&th=1
Samsung Galaxy Z Flip7 Cell Phone 256GB AI Smartphone Unlocked Android Long Battery Life 2025 US Version Jet Black (Renewed),,Samsung,"Android 16, OneUI 8",,Snapdragon 8 Gen3,,(32),https://www.amazon.com/Samsung-Flip7-Smartphone-Unlocked-Android/dp/B0FPGRLJF7/ref=sr_1_109?dib=eyJ2IjoiMSJ9.UhjVafDYuLxYUq6d5g-RypV5bWK4_lfhQ9IVmklu7BPgISg6aZ4HYbEIOYZlTx21eCrkHFqWm_FP7cSJdLXzIZSbvombYOnTvozLHID3UnRmun9iyqBuWuvkqHDfId_Fq3qqpEU1KsWUFe7ysx-QbEVPwx5JnFEjsnOBHpB7e2dHxA7UJcVhYuQEJRnUR0zSusREGkQNNd3fRX5Vsy4TTYgmlhXkMi__v2zJCt6joI8.oWsGbDxxk5p92Ij7DqsZuHKhenINiuGTXEnBxkGRs10&dib_tag=se&keywords=samsung%2Bphone&qid=1774770295&sr=8-109&th=1
Samsung Galaxy S20 5G (128GB 12GB RAM) 6.2 AMOLED Snapdragon 865 IP68 Water Resistant Global 5G Volte (GSM + CDMA) Factory Unlocked (AT&T Verizon T-Mobile Metro) G981U1 (Cloud Blue),,Samsung,Android 10.0,12 GB,Snapdragon,2.84 GHz,(94),https://www.amazon.com/Galaxy-S20-5G-Snapdragon-Resistant/dp/B08XYDQQGX/ref=sr_1_108?dib=eyJ2IjoiMSJ9.UhjVafDYuLxYUq6d5g-RypV5bWK4_lfhQ9IVmklu7BPgISg6aZ4HYbEIOYZlTx21eCrkHFqWm_FP7cSJdLXzIZSbvombYOnTvozLHID3UnRmun9iyqBuWuvkqHDfId_Fq3qqpEU1KsWUFe7ysx-QbEVPwx5JnFEjsnOBHpB7e2dHxA7UJcVhYuQEJRnUR0zSusREGkQNNd3fRX5Vsy4TTYgmlhXkMi__v2zJCt6joI8.oWsGbDxxk5p92Ij7DqsZuHKhenINiuGTXEnBxkGRs10&dib_tag=se&keywords=samsung+phone&qid=1774770295&sr=8-108
G920A,,Samsung,Android,32 GB,1.2GHz Cortex A8 Processor,1.5 GHz,(1704),https://www.amazon.com/Samsung-Galaxy-S6-Black-Sapphire/dp/B00V5LZXCS/ref=sr_1_107?dib=eyJ2IjoiMSJ9.UhjVafDYuLxYUq6d5g-RypV5bWK4_lfhQ9IVmklu7BPgISg6aZ4HYbEIOYZlTx21eCrkHFqWm_FP7cSJdLXzIZSbvombYOnTvozLHID3UnRmun9iyqBuWuvkqHDfId_Fq3qqpEU1KsWUFe7ysx-QbEVPwx5JnFEjsnOBHpB7e2dHxA7UJcVhYuQEJRnUR0zSusREGkQNNd3fRX5Vsy4TTYgmlhXkMi__v2zJCt6joI8.oWsGbDxxk5p92Ij7DqsZuHKhenINiuGTXEnBxkGRs10&dib_tag=se&keywords=samsung%2Bphone&qid=1774770295&sr=8-107&th=1
SAMSUNG Galaxy A15 5G A Series Cell Phone AMOLED Display Expandable Storage Knox Security US Version 2024 Blue Black for T-Mobile only (Renewed),,Samsung,Android 13.0,128 GB,Mediatek Dimensity 900,2.2 GHz,(135),https://www.amazon.com/SAMSUNG-Display-Expandable-Security-T-Mobile/dp/B0DMCTB8GK/ref=sr_1_106?dib=eyJ2IjoiMSJ9.UhjVafDYuLxYUq6d5g-RypV5bWK4_lfhQ9IVmklu7BPgISg6aZ4HYbEIOYZlTx21eCrkHFqWm_FP7cSJdLXzIZSbvombYOnTvozLHID3UnRmun9iyqBuWuvkqHDfId_Fq3qqpEU1KsWUFe7ysx-QbEVPwx5JnFEjsnOBHpB7e2dHxA7UJcVhYuQEJRnUR0zSusREGkQNNd3fRX5Vsy4TTYgmlhXkMi__v2zJCt6joI8.oWsGbDxxk5p92Ij7DqsZuHKhenINiuGTXEnBxkGRs10&dib_tag=se&keywords=samsung+phone&qid=1774770295&sr=8-106
Samsung Galaxy S22+ Plus 5G US Version 256GB Pink Gold - Unlocked (Renewed),,Samsung,Android,8 GB,Snapdragon,2.5 GHz,(243),https://www.amazon.com/SAMSUNG-Galaxy-S22-Unlocked-SM-S906U1/dp/B0B6D42P2F/ref=sr_1_105?dib=eyJ2IjoiMSJ9.UhjVafDYuLxYUq6d5g-RypV5bWK4_lfhQ9IVmklu7BPgISg6aZ4HYbEIOYZlTx21eCrkHFqWm_FP7cSJdLXzIZSbvombYOnTvozLHID3UnRmun9iyqBuWuvkqHDfId_Fq3qqpEU1KsWUFe7ysx-QbEVPwx5JnFEjsnOBHpB7e2dHxA7UJcVhYuQEJRnUR0zSusREGkQNNd3fRX5Vsy4TTYgmlhXkMi__v2zJCt6joI8.oWsGbDxxk5p92Ij7DqsZuHKhenINiuGTXEnBxkGRs10&dib_tag=se&keywords=samsung+phone&qid=1774770295&sr=8-105
SAMSUNG Galaxy S24 FE AI Phone 128GB Android Smartphone High-Res 50MP Camera Long Battery Life Brighter Display Screen AT&T 2024 Graphite (Renewed),,Samsung,Android,8 GB,Exynos 2400E,3.1 GHz,(102),https://www.amazon.com/SAMSUNG-Smartphone-High-Res-Brighter-Graphite/dp/B0DVDF25P6/ref=sr_1_104?dib=eyJ2IjoiMSJ9.UhjVafDYuLxYUq6d5g-RypV5bWK4_lfhQ9IVmklu7BPgISg6aZ4HYbEIOYZlTx21eCrkHFqWm_FP7cSJdLXzIZSbvombYOnTvozLHID3UnRmun9iyqBuWuvkqHDfId_Fq3qqpEU1KsWUFe7ysx-QbEVPwx5JnFEjsnOBHpB7e2dHxA7UJcVhYuQEJRnUR0zSusREGkQNNd3fRX5Vsy4TTYgmlhXkMi__v2zJCt6joI8.oWsGbDxxk5p92Ij7DqsZuHKhenINiuGTXEnBxkGRs10&dib_tag=se&keywords=samsung%2Bphone&qid=1774770295&sr=8-104&th=1
Samsung - Galaxy A71 A716U 5G Fully Unlocked 128GB - Prism Cube Black (Renewed),,Samsung,Android,6 GB,Exynos 980 S5E9630,2.2 GHz,(2098),https://www.amazon.com/Samsung-Galaxy-A716U-Unlocked-Renewed/dp/B08L9MY937/ref=sr_1_103?dib=eyJ2IjoiMSJ9.UhjVafDYuLxYUq6d5g-RypV5bWK4_lfhQ9IVmklu7BPgISg6aZ4HYbEIOYZlTx21eCrkHFqWm_FP7cSJdLXzIZSbvombYOnTvozLHID3UnRmun9iyqBuWuvkqHDfId_Fq3qqpEU1KsWUFe7ysx-QbEVPwx5JnFEjsnOBHpB7e2dHxA7UJcVhYuQEJRnUR0zSusREGkQNNd3fRX5Vsy4TTYgmlhXkMi__v2zJCt6joI8.oWsGbDxxk5p92Ij7DqsZuHKhenINiuGTXEnBxkGRs10&dib_tag=se&keywords=samsung%2Bphone&qid=1774770295&sr=8-103&th=1
Samsung Galaxy Z Flip 6 5G US Version 512GB Mint - Unlocked (Renewed),,Samsung,Android,12 GB,Snapdragon,3.39 GHz,(143),https://www.amazon.com/SAMSUNG-Galaxy-Flip-Version-512GB/dp/B0DJ9RS74G/ref=sr_1_102?dib=eyJ2IjoiMSJ9.UhjVafDYuLxYUq6d5g-RypV5bWK4_lfhQ9IVmklu7BPgISg6aZ4HYbEIOYZlTx21eCrkHFqWm_FP7cSJdLXzIZSbvombYOnTvozLHID3UnRmun9iyqBuWuvkqHDfId_Fq3qqpEU1KsWUFe7ysx-QbEVPwx5JnFEjsnOBHpB7e2dHxA7UJcVhYuQEJRnUR0zSusREGkQNNd3fRX5Vsy4TTYgmlhXkMi__v2zJCt6joI8.oWsGbDxxk5p92Ij7DqsZuHKhenINiuGTXEnBxkGRs10&dib_tag=se&keywords=samsung%2Bphone&qid=1774770295&sr=8-102&th=1
Samsung Galaxy S20+ 5G US Version 128GB Cloud Blue - Unlocked (Renewed),,Samsung,Android 10.0,12 GB,Snapdragon,2.42 GHz,(1614),https://www.amazon.com/Galaxy-S20-5G-Unlocked-Smartphone/dp/B08FRTH1KJ/ref=sr_1_101?dib=eyJ2IjoiMSJ9.UhjVafDYuLxYUq6d5g-RypV5bWK4_lfhQ9IVmklu7BPgISg6aZ4HYbEIOYZlTx21eCrkHFqWm_FP7cSJdLXzIZSbvombYOnTvozLHID3UnRmun9iyqBuWuvkqHDfId_Fq3qqpEU1KsWUFe7ysx-QbEVPwx5JnFEjsnOBHpB7e2dHxA7UJcVhYuQEJRnUR0zSusREGkQNNd3fRX5Vsy4TTYgmlhXkMi__v2zJCt6joI8.oWsGbDxxk5p92Ij7DqsZuHKhenINiuGTXEnBxkGRs10&dib_tag=se&keywords=samsung+phone&qid=1774770295&sr=8-101
Samsung Galaxy A01 SM-A015A 16GB 5.7” Single-SIM Android Smartphone (Renewed) (Black GSM Unlocked),,Samsung,Android 10.0,2 GB,A-Series,2 GHz,(371),https://www.amazon.com/Samsung-SM-A015A-Single-SIM-Smartphone-Unlocked/dp/B08NFCZGJF/ref=sr_1_100?dib=eyJ2IjoiMSJ9.UhjVafDYuLxYUq6d5g-RypV5bWK4_lfhQ9IVmklu7BPgISg6aZ4HYbEIOYZlTx21eCrkHFqWm_FP7cSJdLXzIZSbvombYOnTvozLHID3UnRmun9iyqBuWuvkqHDfId_Fq3qqpEU1KsWUFe7ysx-QbEVPwx5JnFEjsnOBHpB7e2dHxA7UJcVhYuQEJRnUR0zSusREGkQNNd3fRX5Vsy4TTYgmlhXkMi__v2zJCt6joI8.oWsGbDxxk5p92Ij7DqsZuHKhenINiuGTXEnBxkGRs10&dib_tag=se&keywords=samsung+phone&qid=1774770295&sr=8-100
Samsung Galaxy S22+ Plus 5G US Version 256GB Green - Unlocked (Renewed),,Samsung,Android 12.0,8 GB,Snapdragon,2.5 GHz,(336),https://www.amazon.com/SAMSUNG-Galaxy-S22-Version-256GB/dp/B09WZG188L/ref=sr_1_99?dib=eyJ2IjoiMSJ9.UhjVafDYuLxYUq6d5g-RypV5bWK4_lfhQ9IVmklu7BPgISg6aZ4HYbEIOYZlTx21eCrkHFqWm_FP7cSJdLXzIZSbvombYOnTvozLHID3UnRmun9iyqBuWuvkqHDfId_Fq3qqpEU1KsWUFe7ysx-QbEVPwx5JnFEjsnOBHpB7e2dHxA7UJcVhYuQEJRnUR0zSusREGkQNNd3fRX5Vsy4TTYgmlhXkMi__v2zJCt6joI8.oWsGbDxxk5p92Ij7DqsZuHKhenINiuGTXEnBxkGRs10&dib_tag=se&keywords=samsung+phone&qid=1774770295&sr=8-99
Samsung Electronics Galaxy Note 20 Ultra 5G Factory Unlocked Android Cell Phone | US Version | 128GB of Storage | Mobile Gaming Smartphone | Mystic Bronze SM-N986UZNAXAA (Renewed),,Samsung,Android,12 GB,Snapdragon 865,2.84 GHz,(2410),https://www.amazon.com/Samsung-Electronics-Factory-Unlocked-Smartphone/dp/B08HHT4XTS/ref=sr_1_98?dib=eyJ2IjoiMSJ9.UhjVafDYuLxYUq6d5g-RypV5bWK4_lfhQ9IVmklu7BPgISg6aZ4HYbEIOYZlTx21eCrkHFqWm_FP7cSJdLXzIZSbvombYOnTvozLHID3UnRmun9iyqBuWuvkqHDfId_Fq3qqpEU1KsWUFe7ysx-QbEVPwx5JnFEjsnOBHpB7e2dHxA7UJcVhYuQEJRnUR0zSusREGkQNNd3fRX5Vsy4TTYgmlhXkMi__v2zJCt6joI8.oWsGbDxxk5p92Ij7DqsZuHKhenINiuGTXEnBxkGRs10&dib_tag=se&keywords=samsung%2Bphone&qid=1774770295&sr=8-98&th=1
Samsung Galaxy S22+ Smartphone Factory Unlocked Android Cell Phone 256GB 8K Camera & Video Brightest Display Long Battery Life Fast 4nm Processor US Version Phantom White (Renewed),,Samsung,Android,8 GB,,,(143),https://www.amazon.com/Samsung-Smartphone-Unlocked-Brightest-Processor/dp/B09VP3PYVP/ref=sr_1_97?dib=eyJ2IjoiMSJ9.UhjVafDYuLxYUq6d5g-RypV5bWK4_lfhQ9IVmklu7BPgISg6aZ4HYbEIOYZlTx21eCrkHFqWm_FP7cSJdLXzIZSbvombYOnTvozLHID3UnRmun9iyqBuWuvkqHDfId_Fq3qqpEU1KsWUFe7ysx-QbEVPwx5JnFEjsnOBHpB7e2dHxA7UJcVhYuQEJRnUR0zSusREGkQNNd3fRX5Vsy4TTYgmlhXkMi__v2zJCt6joI8.oWsGbDxxk5p92Ij7DqsZuHKhenINiuGTXEnBxkGRs10&dib_tag=se&keywords=samsung+phone&qid=1774770295&sr=8-97
Samsung Galaxy S22+ Smartphone Factory Unlocked Android Cell Phone 256GB 8K Camera & Video Brightest Display Long Battery Life Fast 4nm Processor US Version Phantom White (Renewed),,Samsung,Android,8 GB,,,(143),https://www.amazon.com/Samsung-Smartphone-Unlocked-Brightest-Processor/dp/B09VP3PYVP/ref=sr_1_96?dib=eyJ2IjoiMSJ9.K4o4-OtbRrGDUvmt8Ty5awlPO5dTg1qJ7mhaANw_3lP6H10PVu9oiHzpooHNaIjAaOHKnyTd1DwYSBTgXdzOVAB1Sbi1ukyMv4XRp9wSbV3mLgaIm0caM6GPwlowmabEniRpyn1wPhecERdpulp3O7vabXaelWt0EEXxlmZteuaLXbBZBiqMc5-jlxGlelxEyDTItDrDbV8O6eBh3HFVr-H1evIRR347yqwp23RHbvY.0uxcU9UJzYWBEgoRx4VEJTiFx4bKA06jXB1LK523zzU&dib_tag=se&keywords=samsung+phone&qid=1774770289&sr=8-96
SAMSUNG Galaxy S23 5G SM-S911B/DS 128GB 8GB RAM 50 MP Camera Factory Unlocked – Phantom Black,,Samsung,Android 13.0,8 GB,Snapdragon,2.8 GHz,(136),https://www.amazon.com/SAMSUNG-Galaxy-SM-S911B-Factory-Unlocked/dp/B0BSLDLVYM/ref=sr_1_95?dib=eyJ2IjoiMSJ9.K4o4-OtbRrGDUvmt8Ty5awlPO5dTg1qJ7mhaANw_3lP6H10PVu9oiHzpooHNaIjAaOHKnyTd1DwYSBTgXdzOVAB1Sbi1ukyMv4XRp9wSbV3mLgaIm0caM6GPwlowmabEniRpyn1wPhecERdpulp3O7vabXaelWt0EEXxlmZteuaLXbBZBiqMc5-jlxGlelxEyDTItDrDbV8O6eBh3HFVr-H1evIRR347yqwp23RHbvY.0uxcU9UJzYWBEgoRx4VEJTiFx4bKA06jXB1LK523zzU&dib_tag=se&keywords=samsung+phone&qid=1774770289&sr=8-95
SAMSUNG Galaxy S22 Cell Phone Factory Unlocked 128GB Black,,Samsung,Android 12.0,8 GB,Snapdragon,2.8 GHz,(65),https://www.amazon.com/SAMSUNG-Galaxy-Phone-Factory-Unlocked/dp/B0CWS4PWT6/ref=sr_1_94?dib=eyJ2IjoiMSJ9.K4o4-OtbRrGDUvmt8Ty5awlPO5dTg1qJ7mhaANw_3lP6H10PVu9oiHzpooHNaIjAaOHKnyTd1DwYSBTgXdzOVAB1Sbi1ukyMv4XRp9wSbV3mLgaIm0caM6GPwlowmabEniRpyn1wPhecERdpulp3O7vabXaelWt0EEXxlmZteuaLXbBZBiqMc5-jlxGlelxEyDTItDrDbV8O6eBh3HFVr-H1evIRR347yqwp23RHbvY.0uxcU9UJzYWBEgoRx4VEJTiFx4bKA06jXB1LK523zzU&dib_tag=se&keywords=samsung+phone&qid=1774770289&sr=8-94
Samsung Galaxy A51 128GB 6.5 4G LTE Unlocked Black (Renewed),,Samsung,Android 10.0,6 GB,Snapdragon,2.3 GHz,(982),https://www.amazon.com/Samsung-Galaxy-Unlocked-Black-Renewed/dp/B09598JR5G/ref=sr_1_93?dib=eyJ2IjoiMSJ9.K4o4-OtbRrGDUvmt8Ty5awlPO5dTg1qJ7mhaANw_3lP6H10PVu9oiHzpooHNaIjAaOHKnyTd1DwYSBTgXdzOVAB1Sbi1ukyMv4XRp9wSbV3mLgaIm0caM6GPwlowmabEniRpyn1wPhecERdpulp3O7vabXaelWt0EEXxlmZteuaLXbBZBiqMc5-jlxGlelxEyDTItDrDbV8O6eBh3HFVr-H1evIRR347yqwp23RHbvY.0uxcU9UJzYWBEgoRx4VEJTiFx4bKA06jXB1LK523zzU&dib_tag=se&keywords=samsung+phone&qid=1774770289&sr=8-93
Samsung Galaxy A01 SM-A015A 16GB 5.7” Single-SIM Android Smartphone (Renewed) (Black GSM Unlocked),,Samsung,Android 10.0,2 GB,A-Series,2 GHz,(371),https://www.amazon.com/Samsung-SM-A015A-Single-SIM-Smartphone-Unlocked/dp/B08NFCZGJF/ref=sr_1_92?dib=eyJ2IjoiMSJ9.K4o4-OtbRrGDUvmt8Ty5awlPO5dTg1qJ7mhaANw_3lP6H10PVu9oiHzpooHNaIjAaOHKnyTd1DwYSBTgXdzOVAB1Sbi1ukyMv4XRp9wSbV3mLgaIm0caM6GPwlowmabEniRpyn1wPhecERdpulp3O7vabXaelWt0EEXxlmZteuaLXbBZBiqMc5-jlxGlelxEyDTItDrDbV8O6eBh3HFVr-H1evIRR347yqwp23RHbvY.0uxcU9UJzYWBEgoRx4VEJTiFx4bKA06jXB1LK523zzU&dib_tag=se&keywords=samsung+phone&qid=1774770289&sr=8-92
Samsung Galaxy A52 (5G) 128GB A526U (T-Mobile/Sprint Unlocked) 6.5 Display Quad Camera Smartphone - Black (Renewed),,Samsung,Android,6 GB,Snapdragon,2.2 GHz,(540),https://www.amazon.com/Samsung-T-Mobile-Unlocked-Display-Smartphone/dp/B093WYVSX2/ref=sr_1_91?dib=eyJ2IjoiMSJ9.K4o4-OtbRrGDUvmt8Ty5awlPO5dTg1qJ7mhaANw_3lP6H10PVu9oiHzpooHNaIjAaOHKnyTd1DwYSBTgXdzOVAB1Sbi1ukyMv4XRp9wSbV3mLgaIm0caM6GPwlowmabEniRpyn1wPhecERdpulp3O7vabXaelWt0EEXxlmZteuaLXbBZBiqMc5-jlxGlelxEyDTItDrDbV8O6eBh3HFVr-H1evIRR347yqwp23RHbvY.0uxcU9UJzYWBEgoRx4VEJTiFx4bKA06jXB1LK523zzU&dib_tag=se&keywords=samsung+phone&qid=1774770289&sr=8-91
SAMSUNG Galaxy A35 5G A Series Cell Phone 128GB Unlocked Android Smartphone AMOLED Display Advanced Triple Camera System Expandable Storage Rugged Design US Version 2024 Awesome Navy (Renewed),,Samsung,Android,6 GB,Exynos 1380,2 GHz,(187),https://www.amazon.com/SAMSUNG-Galaxy-A35-Smartphone-Expandable/dp/B0D7WFLK1Q/ref=sr_1_90?dib=eyJ2IjoiMSJ9.K4o4-OtbRrGDUvmt8Ty5awlPO5dTg1qJ7mhaANw_3lP6H10PVu9oiHzpooHNaIjAaOHKnyTd1DwYSBTgXdzOVAB1Sbi1ukyMv4XRp9wSbV3mLgaIm0caM6GPwlowmabEniRpyn1wPhecERdpulp3O7vabXaelWt0EEXxlmZteuaLXbBZBiqMc5-jlxGlelxEyDTItDrDbV8O6eBh3HFVr-H1evIRR347yqwp23RHbvY.0uxcU9UJzYWBEgoRx4VEJTiFx4bKA06jXB1LK523zzU&dib_tag=se&keywords=samsung+phone&qid=1774770289&sr=8-90
Samsung Note 20 5G (AT&T) Unlocked (Renewed),,Samsung,Android,8 GB,Exynos 4412,2.84E+3 MHz,(897),https://www.amazon.com/Samsung-Note-20-Unlocked-Renewed/dp/B08SYQ5WDS/ref=sr_1_89?dib=eyJ2IjoiMSJ9.K4o4-OtbRrGDUvmt8Ty5awlPO5dTg1qJ7mhaANw_3lP6H10PVu9oiHzpooHNaIjAaOHKnyTd1DwYSBTgXdzOVAB1Sbi1ukyMv4XRp9wSbV3mLgaIm0caM6GPwlowmabEniRpyn1wPhecERdpulp3O7vabXaelWt0EEXxlmZteuaLXbBZBiqMc5-jlxGlelxEyDTItDrDbV8O6eBh3HFVr-H1evIRR347yqwp23RHbvY.0uxcU9UJzYWBEgoRx4VEJTiFx4bKA06jXB1LK523zzU&dib_tag=se&keywords=samsung%2Bphone&qid=1774770289&sr=8-89&th=1
SAMSUNG Galaxy A36 5G A Series Cell Phone 128GB Unlocked Android Smartphone AMOLED Display Rugged Design US Version 2025 Awesome Black (Renewed),,Samsung,Android,6 GB,Snapdragon,"2.4, 2.4 GHz",(74),https://www.amazon.com/SAMSUNG-Unlocked-Android-Smartphone-Display/dp/B0FDDKNY2T/ref=sr_1_88?dib=eyJ2IjoiMSJ9.K4o4-OtbRrGDUvmt8Ty5awlPO5dTg1qJ7mhaANw_3lP6H10PVu9oiHzpooHNaIjAaOHKnyTd1DwYSBTgXdzOVAB1Sbi1ukyMv4XRp9wSbV3mLgaIm0caM6GPwlowmabEniRpyn1wPhecERdpulp3O7vabXaelWt0EEXxlmZteuaLXbBZBiqMc5-jlxGlelxEyDTItDrDbV8O6eBh3HFVr-H1evIRR347yqwp23RHbvY.0uxcU9UJzYWBEgoRx4VEJTiFx4bKA06jXB1LK523zzU&dib_tag=se&keywords=samsung+phone&qid=1774770289&sr=8-88
Samsung Galaxy S21 Ultra 5G US Version 256GB Phantom Black - Unlocked (Renewed),,Samsung,Android 11.0,12 GB,Snapdragon,2.84 GHz,(1136),https://www.amazon.com/Galaxy-S21-Ultra-5G-Smartphone/dp/B096T56NRH/ref=sr_1_87?dib=eyJ2IjoiMSJ9.K4o4-OtbRrGDUvmt8Ty5awlPO5dTg1qJ7mhaANw_3lP6H10PVu9oiHzpooHNaIjAaOHKnyTd1DwYSBTgXdzOVAB1Sbi1ukyMv4XRp9wSbV3mLgaIm0caM6GPwlowmabEniRpyn1wPhecERdpulp3O7vabXaelWt0EEXxlmZteuaLXbBZBiqMc5-jlxGlelxEyDTItDrDbV8O6eBh3HFVr-H1evIRR347yqwp23RHbvY.0uxcU9UJzYWBEgoRx4VEJTiFx4bKA06jXB1LK523zzU&dib_tag=se&keywords=samsung+phone&qid=1774770289&sr=8-87
Samsung Galaxy A20 32GB 6.4 Display A205U Black Unlocked Smartphone (Renewed),,Samsung,Android 9.0,3 GB,Snapdragon,1.6 GHz,(1143),https://www.amazon.com/Samsung-Unlocked-Android-Smartphone-Renewed/dp/B088XZFKJ5/ref=sr_1_86?dib=eyJ2IjoiMSJ9.K4o4-OtbRrGDUvmt8Ty5awlPO5dTg1qJ7mhaANw_3lP6H10PVu9oiHzpooHNaIjAaOHKnyTd1DwYSBTgXdzOVAB1Sbi1ukyMv4XRp9wSbV3mLgaIm0caM6GPwlowmabEniRpyn1wPhecERdpulp3O7vabXaelWt0EEXxlmZteuaLXbBZBiqMc5-jlxGlelxEyDTItDrDbV8O6eBh3HFVr-H1evIRR347yqwp23RHbvY.0uxcU9UJzYWBEgoRx4VEJTiFx4bKA06jXB1LK523zzU&dib_tag=se&keywords=samsung+phone&qid=1774770289&sr=8-86
Samsung Galaxy A15 5G AT&T -128GB - 6.5 90Hz AMOLED 50MP Camera/Blue Black (Renewed),,Samsung,Android,,Mediatek Dimensity 6100 Plus,,(66),https://www.amazon.com/SAMSUNG-Galaxy-A15-5G-128GB/dp/B0DB3GLGCN/ref=sr_1_85?dib=eyJ2IjoiMSJ9.K4o4-OtbRrGDUvmt8Ty5awlPO5dTg1qJ7mhaANw_3lP6H10PVu9oiHzpooHNaIjAaOHKnyTd1DwYSBTgXdzOVAB1Sbi1ukyMv4XRp9wSbV3mLgaIm0caM6GPwlowmabEniRpyn1wPhecERdpulp3O7vabXaelWt0EEXxlmZteuaLXbBZBiqMc5-jlxGlelxEyDTItDrDbV8O6eBh3HFVr-H1evIRR347yqwp23RHbvY.0uxcU9UJzYWBEgoRx4VEJTiFx4bKA06jXB1LK523zzU&dib_tag=se&keywords=samsung+phone&qid=1774770289&sr=8-85
Samsung Galaxy A13 5G Cell Phone AT&T GSM Unlocked Android Smartphone 64GB Long Lasting Battery Expandable Storage Triple Lens Camera Infinite Display Black (Renewed),,Samsung,Android 11.0,4 GB,Core i5,2.2 GHz,(2104),https://www.amazon.com/Galaxy-A13-5G-Smartphone-Expandable/dp/B09T3MQSVP/ref=sr_1_84?dib=eyJ2IjoiMSJ9.K4o4-OtbRrGDUvmt8Ty5awlPO5dTg1qJ7mhaANw_3lP6H10PVu9oiHzpooHNaIjAaOHKnyTd1DwYSBTgXdzOVAB1Sbi1ukyMv4XRp9wSbV3mLgaIm0caM6GPwlowmabEniRpyn1wPhecERdpulp3O7vabXaelWt0EEXxlmZteuaLXbBZBiqMc5-jlxGlelxEyDTItDrDbV8O6eBh3HFVr-H1evIRR347yqwp23RHbvY.0uxcU9UJzYWBEgoRx4VEJTiFx4bKA06jXB1LK523zzU&dib_tag=se&keywords=samsung+phone&qid=1774770289&sr=8-84
Samsung Galaxy A15 5G A Series Cell Phone AMOLED Display Expandable Storage Knox Security US Version 2024 Blue Black 64GB for T-Mobile only (64 GB),,Samsung,Android,4 GB,1.2GHz Cortex A8 Processor,1.2 GHz,(61),https://www.amazon.com/SAMSUNG-Display-Expandable-Security-T-Mobile/dp/B0DRPR5QGR/ref=sr_1_83?dib=eyJ2IjoiMSJ9.K4o4-OtbRrGDUvmt8Ty5awlPO5dTg1qJ7mhaANw_3lP6H10PVu9oiHzpooHNaIjAaOHKnyTd1DwYSBTgXdzOVAB1Sbi1ukyMv4XRp9wSbV3mLgaIm0caM6GPwlowmabEniRpyn1wPhecERdpulp3O7vabXaelWt0EEXxlmZteuaLXbBZBiqMc5-jlxGlelxEyDTItDrDbV8O6eBh3HFVr-H1evIRR347yqwp23RHbvY.0uxcU9UJzYWBEgoRx4VEJTiFx4bKA06jXB1LK523zzU&dib_tag=se&keywords=samsung%2Bphone&qid=1774770289&sr=8-83&th=1
SAMSUNG Galaxy A15 5G (128GB 2024) 6.5 90Hz AMOLED 50MP Camera 4G Volte (Fully Unlocked International Model for AT&T T-Mobile Verizon Global) A156U (Blue Black) (Renewed),,Samsung,Andorid,4 GB,Cortex,2 GHz,(330),https://www.amazon.com/SAMSUNG-Galaxy-A15-5G-International/dp/B0D2M2N6RK/ref=sr_1_82?dib=eyJ2IjoiMSJ9.K4o4-OtbRrGDUvmt8Ty5awlPO5dTg1qJ7mhaANw_3lP6H10PVu9oiHzpooHNaIjAaOHKnyTd1DwYSBTgXdzOVAB1Sbi1ukyMv4XRp9wSbV3mLgaIm0caM6GPwlowmabEniRpyn1wPhecERdpulp3O7vabXaelWt0EEXxlmZteuaLXbBZBiqMc5-jlxGlelxEyDTItDrDbV8O6eBh3HFVr-H1evIRR347yqwp23RHbvY.0uxcU9UJzYWBEgoRx4VEJTiFx4bKA06jXB1LK523zzU&dib_tag=se&keywords=samsung+phone&qid=1774770289&sr=8-82
SAMSUNG Galaxy S21 Plus 128GB Black Factory unlocked,,Samsung,Android,8 GB,Snapdragon,2.84 GHz,(162),https://www.amazon.com/SAMSUNG-Galaxy-128GB-Factory-Unlocked/dp/B0C1HY54G9/ref=sr_1_81?dib=eyJ2IjoiMSJ9.K4o4-OtbRrGDUvmt8Ty5awlPO5dTg1qJ7mhaANw_3lP6H10PVu9oiHzpooHNaIjAaOHKnyTd1DwYSBTgXdzOVAB1Sbi1ukyMv4XRp9wSbV3mLgaIm0caM6GPwlowmabEniRpyn1wPhecERdpulp3O7vabXaelWt0EEXxlmZteuaLXbBZBiqMc5-jlxGlelxEyDTItDrDbV8O6eBh3HFVr-H1evIRR347yqwp23RHbvY.0uxcU9UJzYWBEgoRx4VEJTiFx4bKA06jXB1LK523zzU&dib_tag=se&keywords=samsung+phone&qid=1774770289&sr=8-81
Samsung Galaxy S23 FE Factory Unlocked 128GB - Graphite (Renewed),,Samsung,Android,8 GB,Snapdragon,2.5 GHz,(343),https://www.amazon.com/Samsung-Galaxy-S23-FE-Unlocked/dp/B0CXJLHG1J/ref=sr_1_80?dib=eyJ2IjoiMSJ9.9URWIZXNgbzb-oeC_oSYYiSxo7fFZp_-lsAqh9h17Up-RHtRIB4vnZtX2qXdAH-_u32nKEh3BRqIiUbxtYitfKEyj0tAMi5WgJCPo8KvKPTkveDDSds7AdTJNt-kzSYo2hFBkZ3fM2u2e7ymWxppAv4-CqKRJdj6TO3nbVIlV8k_SLny4SkBLPSQfYCJvjhKzoLWZOmt4r7v8Wmn48qCgKZrxWkZB5h5VVkFpUq4TSI.VPBuyHj7vZZhj6w5gW5RaEYN1E3Y99oIugWv0G1I9uY&dib_tag=se&keywords=samsung+phone&qid=1774770284&sr=8-80
SAMSUNG Galaxy S25 Ultra SM-S938B/DS 256GB 12GB RAM AI Smartphone Factory Unlocked Global Model - Titanium Black,,Samsung,Android,12 GB,Snapdragon,4.47 GHz,(144),https://www.amazon.com/SAMSUNG-SM-S938B-Smartphone-Factory-Unlocked/dp/B0DVB31XRZ/ref=sr_1_79?dib=eyJ2IjoiMSJ9.9URWIZXNgbzb-oeC_oSYYiSxo7fFZp_-lsAqh9h17Up-RHtRIB4vnZtX2qXdAH-_u32nKEh3BRqIiUbxtYitfKEyj0tAMi5WgJCPo8KvKPTkveDDSds7AdTJNt-kzSYo2hFBkZ3fM2u2e7ymWxppAv4-CqKRJdj6TO3nbVIlV8k_SLny4SkBLPSQfYCJvjhKzoLWZOmt4r7v8Wmn48qCgKZrxWkZB5h5VVkFpUq4TSI.VPBuyHj7vZZhj6w5gW5RaEYN1E3Y99oIugWv0G1I9uY&dib_tag=se&keywords=samsung%2Bphone&qid=1774770284&sr=8-79&th=1
Samsung Galaxy A14 5G Unlocked 6.6-Inch Infinity-V Display 1080x2408 FHD+ PLS LCD Android 13 One UI Core 5 Bluetooth 5.2 64GB ROM 4GB RAM Expandable MicroSD,,Samsung,Android,4 GB,Mediatek Dimensity 810,2.2 GHz,(200),https://www.amazon.com/Unlocked-Infinity-V-1080x2408-Bluetooth-Expandable/dp/B0CCPNDQCP/ref=sr_1_78?dib=eyJ2IjoiMSJ9.9URWIZXNgbzb-oeC_oSYYiSxo7fFZp_-lsAqh9h17Up-RHtRIB4vnZtX2qXdAH-_u32nKEh3BRqIiUbxtYitfKEyj0tAMi5WgJCPo8KvKPTkveDDSds7AdTJNt-kzSYo2hFBkZ3fM2u2e7ymWxppAv4-CqKRJdj6TO3nbVIlV8k_SLny4SkBLPSQfYCJvjhKzoLWZOmt4r7v8Wmn48qCgKZrxWkZB5h5VVkFpUq4TSI.VPBuyHj7vZZhj6w5gW5RaEYN1E3Y99oIugWv0G1I9uY&dib_tag=se&keywords=samsung+phone&qid=1774770284&sr=8-78
Samsung Galaxy S22 5G US Version 128GB Pink Gold - Unlocked (Renewed),,Samsung,Android,8 GB,Snapdragon,2.5 GHz,(778),https://www.amazon.com/SAMSUNG-Galaxy-S22-Version-128GB/dp/B09V9Z1WLN/ref=sr_1_77?dib=eyJ2IjoiMSJ9.9URWIZXNgbzb-oeC_oSYYiSxo7fFZp_-lsAqh9h17Up-RHtRIB4vnZtX2qXdAH-_u32nKEh3BRqIiUbxtYitfKEyj0tAMi5WgJCPo8KvKPTkveDDSds7AdTJNt-kzSYo2hFBkZ3fM2u2e7ymWxppAv4-CqKRJdj6TO3nbVIlV8k_SLny4SkBLPSQfYCJvjhKzoLWZOmt4r7v8Wmn48qCgKZrxWkZB5h5VVkFpUq4TSI.VPBuyHj7vZZhj6w5gW5RaEYN1E3Y99oIugWv0G1I9uY&dib_tag=se&keywords=samsung+phone&qid=1774770284&sr=8-77
Samsung Galaxy A02s Smartphone 32GB Storage Factory Unlocked - Black (Renewed),,Samsung,Android,4 GB,Snapdragon,1.8 GHz,(250),https://www.amazon.com/Samsung-Unlocked-Smartphone-Snapdragon-Processor/dp/B09813F5LX/ref=sr_1_76?dib=eyJ2IjoiMSJ9.9URWIZXNgbzb-oeC_oSYYiSxo7fFZp_-lsAqh9h17Up-RHtRIB4vnZtX2qXdAH-_u32nKEh3BRqIiUbxtYitfKEyj0tAMi5WgJCPo8KvKPTkveDDSds7AdTJNt-kzSYo2hFBkZ3fM2u2e7ymWxppAv4-CqKRJdj6TO3nbVIlV8k_SLny4SkBLPSQfYCJvjhKzoLWZOmt4r7v8Wmn48qCgKZrxWkZB5h5VVkFpUq4TSI.VPBuyHj7vZZhj6w5gW5RaEYN1E3Y99oIugWv0G1I9uY&dib_tag=se&keywords=samsung+phone&qid=1774770284&sr=8-76
SAMSUNG Galaxy S23+ Plus 5G Factory Unlocked 256GB - Phantom Black (Renewed),,Samsung,Android,8 GB,Snapdragon,3.36 GHz,(416),https://www.amazon.com/SAMSUNG-Galaxy-S23-Factory-Unlocked/dp/B0C7DZB9KN/ref=sr_1_75?dib=eyJ2IjoiMSJ9.9URWIZXNgbzb-oeC_oSYYiSxo7fFZp_-lsAqh9h17Up-RHtRIB4vnZtX2qXdAH-_u32nKEh3BRqIiUbxtYitfKEyj0tAMi5WgJCPo8KvKPTkveDDSds7AdTJNt-kzSYo2hFBkZ3fM2u2e7ymWxppAv4-CqKRJdj6TO3nbVIlV8k_SLny4SkBLPSQfYCJvjhKzoLWZOmt4r7v8Wmn48qCgKZrxWkZB5h5VVkFpUq4TSI.VPBuyHj7vZZhj6w5gW5RaEYN1E3Y99oIugWv0G1I9uY&dib_tag=se&keywords=samsung+phone&qid=1774770284&sr=8-75
SAMSUNG Galaxy S21+ Plus 5G (128GB 8GB) 6.7 AMOLED 2X Snapdragon 888 Global 5G Volte (GSM + CDMA) Factory Unlocked (AT&T Verizon T-Mobile Metro) G996U (Wireless Charger Bundle Phantom Violet),,Samsung,Android,8 GB,Snapdragon,2.84 GHz,(26),https://www.amazon.com/Samsung-Snapdragon-Unlocked-T-Mobile-G996U/dp/B096MYYRBZ/ref=sr_1_74?dib=eyJ2IjoiMSJ9.9URWIZXNgbzb-oeC_oSYYiSxo7fFZp_-lsAqh9h17Up-RHtRIB4vnZtX2qXdAH-_u32nKEh3BRqIiUbxtYitfKEyj0tAMi5WgJCPo8KvKPTkveDDSds7AdTJNt-kzSYo2hFBkZ3fM2u2e7ymWxppAv4-CqKRJdj6TO3nbVIlV8k_SLny4SkBLPSQfYCJvjhKzoLWZOmt4r7v8Wmn48qCgKZrxWkZB5h5VVkFpUq4TSI.VPBuyHj7vZZhj6w5gW5RaEYN1E3Y99oIugWv0G1I9uY&dib_tag=se&keywords=samsung+phone&qid=1774770284&sr=8-74
Samsung Electronics Galaxy Note 20 5G Unlocked Android Cell Phone | US Version | 128GB of Storage | Mobile Gaming Smartphone | Long-Lasting Battery | Mystic Gray (Renewed),,Samsung,Android,8 GB,Snapdragon,2.42 GHz,(2663),https://www.amazon.com/Samsung-Electronics-Unlocked-Smartphone-Long-Lasting/dp/B08HQZC2XK/ref=sr_1_73?dib=eyJ2IjoiMSJ9.9URWIZXNgbzb-oeC_oSYYiSxo7fFZp_-lsAqh9h17Up-RHtRIB4vnZtX2qXdAH-_u32nKEh3BRqIiUbxtYitfKEyj0tAMi5WgJCPo8KvKPTkveDDSds7AdTJNt-kzSYo2hFBkZ3fM2u2e7ymWxppAv4-CqKRJdj6TO3nbVIlV8k_SLny4SkBLPSQfYCJvjhKzoLWZOmt4r7v8Wmn48qCgKZrxWkZB5h5VVkFpUq4TSI.VPBuyHj7vZZhj6w5gW5RaEYN1E3Y99oIugWv0G1I9uY&dib_tag=se&keywords=samsung+phone&qid=1774770284&sr=8-73
Samsung Galaxy S24+ Plus 5G US Version 256GB Marble Gray - Unlocked (Renewed),,Samsung,Android,12 GB,Snapdragon,3.39 GHz,(948),https://www.amazon.com/SAMSUNG-Galaxy-S24-Version-Marble/dp/B0D3658SHD/ref=sr_1_72?dib=eyJ2IjoiMSJ9.9URWIZXNgbzb-oeC_oSYYiSxo7fFZp_-lsAqh9h17Up-RHtRIB4vnZtX2qXdAH-_u32nKEh3BRqIiUbxtYitfKEyj0tAMi5WgJCPo8KvKPTkveDDSds7AdTJNt-kzSYo2hFBkZ3fM2u2e7ymWxppAv4-CqKRJdj6TO3nbVIlV8k_SLny4SkBLPSQfYCJvjhKzoLWZOmt4r7v8Wmn48qCgKZrxWkZB5h5VVkFpUq4TSI.VPBuyHj7vZZhj6w5gW5RaEYN1E3Y99oIugWv0G1I9uY&dib_tag=se&keywords=samsung+phone&qid=1774770284&sr=8-72
SAMSUNG A52 5G A526U 128GB Fully Unlocked Android Smartphone (Renewed),,Samsung,Android,6 GB,Snapdragon,2.2 GHz,(2484),https://www.amazon.com/Samsung-Galaxy-Display-Camera-Smartphone/dp/B09C6LMM28/ref=sr_1_71?dib=eyJ2IjoiMSJ9.9URWIZXNgbzb-oeC_oSYYiSxo7fFZp_-lsAqh9h17Up-RHtRIB4vnZtX2qXdAH-_u32nKEh3BRqIiUbxtYitfKEyj0tAMi5WgJCPo8KvKPTkveDDSds7AdTJNt-kzSYo2hFBkZ3fM2u2e7ymWxppAv4-CqKRJdj6TO3nbVIlV8k_SLny4SkBLPSQfYCJvjhKzoLWZOmt4r7v8Wmn48qCgKZrxWkZB5h5VVkFpUq4TSI.VPBuyHj7vZZhj6w5gW5RaEYN1E3Y99oIugWv0G1I9uY&dib_tag=se&keywords=samsung+phone&qid=1774770284&sr=8-71
total wireless Samsung Galaxy A15 5G 64GB Prepaid Smartphone 6.5” FHD+ Super AMOLED Display 50MP Triple Camera Long Lasting Battery Android 14 - Locked to Black,,total wireless,Android 14,4 GB,Core i5-11400,,(22),https://www.amazon.com/Samsung-TOSAS156VC64PWP-Processor-Wireless-Smartphone/dp/B0F6R3NG7Y/ref=sr_1_70?dib=eyJ2IjoiMSJ9.9URWIZXNgbzb-oeC_oSYYiSxo7fFZp_-lsAqh9h17Up-RHtRIB4vnZtX2qXdAH-_u32nKEh3BRqIiUbxtYitfKEyj0tAMi5WgJCPo8KvKPTkveDDSds7AdTJNt-kzSYo2hFBkZ3fM2u2e7ymWxppAv4-CqKRJdj6TO3nbVIlV8k_SLny4SkBLPSQfYCJvjhKzoLWZOmt4r7v8Wmn48qCgKZrxWkZB5h5VVkFpUq4TSI.VPBuyHj7vZZhj6w5gW5RaEYN1E3Y99oIugWv0G1I9uY&dib_tag=se&keywords=samsung+phone&qid=1774770284&sr=8-70
SAMSUNG Galaxy S24 5G Dual SIM | 128GB 8GB | 6.2 AMOLED 120Hz 10-Core Processor | International Model Unlocked for AT&T Verizon T-Mobile Global | S921B/DS | 25W Super Fast Charger Bundle | Black,,Samsung,Android,8 GB,Exynos 2400 S5E9945,3.39 GHz,(127),https://www.amazon.com/SAMSUNG-Processor-International-Unlocked-T-Mobile/dp/B0CQ7TCXRD/ref=sr_1_69?dib=eyJ2IjoiMSJ9.9URWIZXNgbzb-oeC_oSYYiSxo7fFZp_-lsAqh9h17Up-RHtRIB4vnZtX2qXdAH-_u32nKEh3BRqIiUbxtYitfKEyj0tAMi5WgJCPo8KvKPTkveDDSds7AdTJNt-kzSYo2hFBkZ3fM2u2e7ymWxppAv4-CqKRJdj6TO3nbVIlV8k_SLny4SkBLPSQfYCJvjhKzoLWZOmt4r7v8Wmn48qCgKZrxWkZB5h5VVkFpUq4TSI.VPBuyHj7vZZhj6w5gW5RaEYN1E3Y99oIugWv0G1I9uY&dib_tag=se&keywords=samsung%2Bphone&qid=1774770284&sr=8-69&th=1
Samsung Galaxy S20 FE 5G 128GB Cloud Navy - Unlocked (Renewed),,Samsung,Android 10.0,6 GB,Others,2.84 GHz,(9942),https://www.amazon.com/Samsung-Galaxy-S20-FE-128GB/dp/B08L34JQ9C/ref=sr_1_68?dib=eyJ2IjoiMSJ9.9URWIZXNgbzb-oeC_oSYYiSxo7fFZp_-lsAqh9h17Up-RHtRIB4vnZtX2qXdAH-_u32nKEh3BRqIiUbxtYitfKEyj0tAMi5WgJCPo8KvKPTkveDDSds7AdTJNt-kzSYo2hFBkZ3fM2u2e7ymWxppAv4-CqKRJdj6TO3nbVIlV8k_SLny4SkBLPSQfYCJvjhKzoLWZOmt4r7v8Wmn48qCgKZrxWkZB5h5VVkFpUq4TSI.VPBuyHj7vZZhj6w5gW5RaEYN1E3Y99oIugWv0G1I9uY&dib_tag=se&keywords=samsung%2Bphone&qid=1774770284&sr=8-68&th=1
Samsung Galaxy S23 FE 5G US Version 128GB Black - Unlocked (Renewed),,Samsung,Android,8 GB,Snapdragon,2.8 GHz,(740),https://www.amazon.com/Samsung-Galaxy-Version-128GB-Black/dp/B0CRPQ8W8X/ref=sr_1_67?dib=eyJ2IjoiMSJ9.9URWIZXNgbzb-oeC_oSYYiSxo7fFZp_-lsAqh9h17Up-RHtRIB4vnZtX2qXdAH-_u32nKEh3BRqIiUbxtYitfKEyj0tAMi5WgJCPo8KvKPTkveDDSds7AdTJNt-kzSYo2hFBkZ3fM2u2e7ymWxppAv4-CqKRJdj6TO3nbVIlV8k_SLny4SkBLPSQfYCJvjhKzoLWZOmt4r7v8Wmn48qCgKZrxWkZB5h5VVkFpUq4TSI.VPBuyHj7vZZhj6w5gW5RaEYN1E3Y99oIugWv0G1I9uY&dib_tag=se&keywords=samsung%2Bphone&qid=1774770284&sr=8-67&th=1
Samsung Galaxy S22+ Plus 5G US Version 128GB Phantom White - Unlocked (Renewed),,Samsung,Android 12.0,8 GB,Snapdragon,2.5 GHz,(264),https://www.amazon.com/Galaxy-S22-Plus-5G-128GB/dp/B09YN5D6KF/ref=sr_1_66?dib=eyJ2IjoiMSJ9.9URWIZXNgbzb-oeC_oSYYiSxo7fFZp_-lsAqh9h17Up-RHtRIB4vnZtX2qXdAH-_u32nKEh3BRqIiUbxtYitfKEyj0tAMi5WgJCPo8KvKPTkveDDSds7AdTJNt-kzSYo2hFBkZ3fM2u2e7ymWxppAv4-CqKRJdj6TO3nbVIlV8k_SLny4SkBLPSQfYCJvjhKzoLWZOmt4r7v8Wmn48qCgKZrxWkZB5h5VVkFpUq4TSI.VPBuyHj7vZZhj6w5gW5RaEYN1E3Y99oIugWv0G1I9uY&dib_tag=se&keywords=samsung+phone&qid=1774770284&sr=8-66
Samsung Galaxy A16 5G A Series Cell Phone Unlocked Android Smartphone Large AMOLED Display Durable Design Super Fast Charging Expandable Storage US Version 2025 Blue Black (Renewed),,Samsung,Android,4 GB,Exynos 1330 S5E8535,2 GHz,(283),https://www.amazon.com/Samsung-A16-Unlocked-Smartphone-Expandable/dp/B0FCJMPV9X/ref=sr_1_65?dib=eyJ2IjoiMSJ9.9URWIZXNgbzb-oeC_oSYYiSxo7fFZp_-lsAqh9h17Up-RHtRIB4vnZtX2qXdAH-_u32nKEh3BRqIiUbxtYitfKEyj0tAMi5WgJCPo8KvKPTkveDDSds7AdTJNt-kzSYo2hFBkZ3fM2u2e7ymWxppAv4-CqKRJdj6TO3nbVIlV8k_SLny4SkBLPSQfYCJvjhKzoLWZOmt4r7v8Wmn48qCgKZrxWkZB5h5VVkFpUq4TSI.VPBuyHj7vZZhj6w5gW5RaEYN1E3Y99oIugWv0G1I9uY&dib_tag=se&keywords=samsung%2Bphone&qid=1774770284&sr=8-65&th=1
SAMSUNG Galaxy A16 5G Android Smartphone AMOLED Display Fast Charging Expandable Storage US Version Blue Black only for T-Mobile Network,,Samsung,Android,4 GB,MediaTek Kompanio 800T,2.2 GHz,(35),https://www.amazon.com/SAMSUNG-Smartphone-Charging-Expandable-T-Mobile/dp/B0DYMXWDSY/ref=sr_1_64?dib=eyJ2IjoiMSJ9.brStvAVzekH1-7LMBNOL4QDBHehIxYz8lESjVuuInaGOGemnJEvFmicSBHo5OmDC7PzONlr-n-wU5rpW0bVqUHHjMlcypub_g-69Z67fjq9PEBLSNI2FXgbB5D_uA16Mo5CR9PBQJGvvRrBI3LX-aSgEjkEP7lmYS3QcbBga3ktIUW-ZuSUaFRuLFojwTeOCYkHXqrP8g_f3pwZbOUl8SByWwns_SbDUXBYUBDuMdxM.F4l8bxEC_yIdV4e8C6afqsVK7zIASqudXg28e9WHIJQ&dib_tag=se&keywords=samsung+phone&qid=1774770279&sr=8-64
Samsung Galaxy A16 5G 128GB Android Smartphone AMOLED Display Fast Charging Expandable Storage US Version Blue Black only for T-Mobile (Renewed),,Samsung,"Android 14, One UI",8 GB,Samsung Exynos 3110,2.4 GHz,(67),https://www.amazon.com/SAMSUNG-Smartphone-Charging-Expandable-T-Mobile/dp/B0DZ3TW9V5/ref=sr_1_63?dib=eyJ2IjoiMSJ9.brStvAVzekH1-7LMBNOL4QDBHehIxYz8lESjVuuInaGOGemnJEvFmicSBHo5OmDC7PzONlr-n-wU5rpW0bVqUHHjMlcypub_g-69Z67fjq9PEBLSNI2FXgbB5D_uA16Mo5CR9PBQJGvvRrBI3LX-aSgEjkEP7lmYS3QcbBga3ktIUW-ZuSUaFRuLFojwTeOCYkHXqrP8g_f3pwZbOUl8SByWwns_SbDUXBYUBDuMdxM.F4l8bxEC_yIdV4e8C6afqsVK7zIASqudXg28e9WHIJQ&dib_tag=se&keywords=samsung+phone&qid=1774770279&sr=8-63
Motorola Moto G Stylus 5G | 2024 | Unlocked | Made for US 8/128GB | 50MP Camera | Caramel Latte,,Motorola,Android 14,8 GB,Snapdragon,2.2 GHz,(2765),https://www.amazon.com/Motorola-Stylus-Unlocked-Camera-Caramel/dp/B0FNS5XW5W/ref=sr_1_62?dib=eyJ2IjoiMSJ9.brStvAVzekH1-7LMBNOL4QDBHehIxYz8lESjVuuInaGOGemnJEvFmicSBHo5OmDC7PzONlr-n-wU5rpW0bVqUHHjMlcypub_g-69Z67fjq9PEBLSNI2FXgbB5D_uA16Mo5CR9PBQJGvvRrBI3LX-aSgEjkEP7lmYS3QcbBga3ktIUW-ZuSUaFRuLFojwTeOCYkHXqrP8g_f3pwZbOUl8SByWwns_SbDUXBYUBDuMdxM.F4l8bxEC_yIdV4e8C6afqsVK7zIASqudXg28e9WHIJQ&dib_tag=se&keywords=samsung+phone&qid=1774770279&sr=8-62
Samsung Galaxy A14 5G A Series Cell Phone Factory Unlocked GSM Android Smartphone 4GB / 64GB Black (Renewed),,Samsung,Android,4 GB,MediaTek Helio,2 GHz,(835),https://www.amazon.com/Samsung-Factory-Unlocked-Android-Smartphone/dp/B0C8FR2XHJ/ref=sr_1_61?dib=eyJ2IjoiMSJ9.brStvAVzekH1-7LMBNOL4QDBHehIxYz8lESjVuuInaGOGemnJEvFmicSBHo5OmDC7PzONlr-n-wU5rpW0bVqUHHjMlcypub_g-69Z67fjq9PEBLSNI2FXgbB5D_uA16Mo5CR9PBQJGvvRrBI3LX-aSgEjkEP7lmYS3QcbBga3ktIUW-ZuSUaFRuLFojwTeOCYkHXqrP8g_f3pwZbOUl8SByWwns_SbDUXBYUBDuMdxM.F4l8bxEC_yIdV4e8C6afqsVK7zIASqudXg28e9WHIJQ&dib_tag=se&keywords=samsung+phone&qid=1774770279&sr=8-61
SAMSUNG Galaxy S25 Ultra 5G (512GB 12GB) 6.9 AMOLED 2X 200MP Camera (US Model Fully Unlocked for Global 5G / 4G LTE ) Silver Blue (Renewed),,Samsung,Android,12 GB,Snapdragon,3.5 GHz,(44),https://www.amazon.com/SAMSUNG-Galaxy-Unlocked-Charger-Renewed/dp/B0F114628W/ref=sr_1_60?dib=eyJ2IjoiMSJ9.brStvAVzekH1-7LMBNOL4QDBHehIxYz8lESjVuuInaGOGemnJEvFmicSBHo5OmDC7PzONlr-n-wU5rpW0bVqUHHjMlcypub_g-69Z67fjq9PEBLSNI2FXgbB5D_uA16Mo5CR9PBQJGvvRrBI3LX-aSgEjkEP7lmYS3QcbBga3ktIUW-ZuSUaFRuLFojwTeOCYkHXqrP8g_f3pwZbOUl8SByWwns_SbDUXBYUBDuMdxM.F4l8bxEC_yIdV4e8C6afqsVK7zIASqudXg28e9WHIJQ&dib_tag=se&keywords=samsung+phone&qid=1774770279&sr=8-60
Samsung Galaxy A50 SM-A505G 64GB 4GB RAM 25 MP 6.4 Factory Unlocked- Black (Renewed),,Samsung,Android 9.0,4 GB,Samsung Exynos 3110,1.74 GHz,(1202),https://www.amazon.com/Samsung-SM-A505G-Factory-Unlocked-Renewed/dp/B07RL93F7T/ref=sr_1_59?dib=eyJ2IjoiMSJ9.brStvAVzekH1-7LMBNOL4QDBHehIxYz8lESjVuuInaGOGemnJEvFmicSBHo5OmDC7PzONlr-n-wU5rpW0bVqUHHjMlcypub_g-69Z67fjq9PEBLSNI2FXgbB5D_uA16Mo5CR9PBQJGvvRrBI3LX-aSgEjkEP7lmYS3QcbBga3ktIUW-ZuSUaFRuLFojwTeOCYkHXqrP8g_f3pwZbOUl8SByWwns_SbDUXBYUBDuMdxM.F4l8bxEC_yIdV4e8C6afqsVK7zIASqudXg28e9WHIJQ&dib_tag=se&keywords=samsung+phone&qid=1774770279&sr=8-59
SAMSUNG Galaxy S24 FE Factory Unlocked 128GB SM-S721U1 - Graphite (Renewed),,Samsung,Android,8 GB,Exynos 2400 S5E9945,2.6 GHz,(237),https://www.amazon.com/Galaxy-S24-FE-Unlocked-SM-S721U1/dp/B0DS6FB173/ref=sr_1_58?dib=eyJ2IjoiMSJ9.brStvAVzekH1-7LMBNOL4QDBHehIxYz8lESjVuuInaGOGemnJEvFmicSBHo5OmDC7PzONlr-n-wU5rpW0bVqUHHjMlcypub_g-69Z67fjq9PEBLSNI2FXgbB5D_uA16Mo5CR9PBQJGvvRrBI3LX-aSgEjkEP7lmYS3QcbBga3ktIUW-ZuSUaFRuLFojwTeOCYkHXqrP8g_f3pwZbOUl8SByWwns_SbDUXBYUBDuMdxM.F4l8bxEC_yIdV4e8C6afqsVK7zIASqudXg28e9WHIJQ&dib_tag=se&keywords=samsung%2Bphone&qid=1774770279&sr=8-58&th=1
SAMSUNG Galaxy S22 Ultra 5G (128GB 8GB) 6.8 AMOLED 2X 108MP Camera Global Volte (Fully Unlocked for AT&T Verizon T-Mobile Global) S908U1 (w/ 25W Super Fast Charger Phantom Black),,Samsung,Android,8 GB,Snapdragon,2.8E+3 MHz,(55),https://www.amazon.com/SAMSUNG-S22-Ultra-5G-Unlocked/dp/B0BPDFG5Y1/ref=sr_1_57?dib=eyJ2IjoiMSJ9.brStvAVzekH1-7LMBNOL4QDBHehIxYz8lESjVuuInaGOGemnJEvFmicSBHo5OmDC7PzONlr-n-wU5rpW0bVqUHHjMlcypub_g-69Z67fjq9PEBLSNI2FXgbB5D_uA16Mo5CR9PBQJGvvRrBI3LX-aSgEjkEP7lmYS3QcbBga3ktIUW-ZuSUaFRuLFojwTeOCYkHXqrP8g_f3pwZbOUl8SByWwns_SbDUXBYUBDuMdxM.F4l8bxEC_yIdV4e8C6afqsVK7zIASqudXg28e9WHIJQ&dib_tag=se&keywords=samsung+phone&qid=1774770279&sr=8-57
Samsung Galaxy Z Flip 5 5G US Version 256GB Graphite - Unlocked (Renewed),,Samsung,Android,8 GB,Snapdragon,3.36 GHz,(780),https://www.amazon.com/SAMSUNG-Galaxy-Unlocked-Smartphone-Graphite/dp/B0CN556RQ4/ref=sr_1_56?dib=eyJ2IjoiMSJ9.brStvAVzekH1-7LMBNOL4QDBHehIxYz8lESjVuuInaGOGemnJEvFmicSBHo5OmDC7PzONlr-n-wU5rpW0bVqUHHjMlcypub_g-69Z67fjq9PEBLSNI2FXgbB5D_uA16Mo5CR9PBQJGvvRrBI3LX-aSgEjkEP7lmYS3QcbBga3ktIUW-ZuSUaFRuLFojwTeOCYkHXqrP8g_f3pwZbOUl8SByWwns_SbDUXBYUBDuMdxM.F4l8bxEC_yIdV4e8C6afqsVK7zIASqudXg28e9WHIJQ&dib_tag=se&keywords=samsung%2Bphone&qid=1774770279&sr=8-56&th=1
SAMSUNG Galaxy A16 5G Dual SIM (128GB 2025) 6.7 90Hz AMOLED Water Resistant 8Core 50MP Camera (Factory Unlocked International Model for GSM Global) A166M/DS (Blue Black) (Renewed),,Samsung,Android,4 GB,Exynos 1330 S5E8535,2.4 GHz,(56),https://www.amazon.com/SAMSUNG-Resistant-Factory-Unlocked-International/dp/B0DXNC32F9/ref=sr_1_55?dib=eyJ2IjoiMSJ9.brStvAVzekH1-7LMBNOL4QDBHehIxYz8lESjVuuInaGOGemnJEvFmicSBHo5OmDC7PzONlr-n-wU5rpW0bVqUHHjMlcypub_g-69Z67fjq9PEBLSNI2FXgbB5D_uA16Mo5CR9PBQJGvvRrBI3LX-aSgEjkEP7lmYS3QcbBga3ktIUW-ZuSUaFRuLFojwTeOCYkHXqrP8g_f3pwZbOUl8SByWwns_SbDUXBYUBDuMdxM.F4l8bxEC_yIdV4e8C6afqsVK7zIASqudXg28e9WHIJQ&dib_tag=se&keywords=samsung+phone&qid=1774770279&sr=8-55
SAMSUNG Galaxy A56 5G 2025 with AI | 256GB 8GB Dual SIM | 6.7 120Hz AMOLED Water Resistant Android 15 | International Model Factory Unlocked for T-Mobile Global | 25W Charger Bundle (Graphite),,Samsung,Android 15,8 GB,Exynos 1580 S5E8855,2.9 GHz,(1064),https://www.amazon.com/SAMSUNG-Resistant-International-Unlocked-T-Mobile/dp/B0DXR5FH9C/ref=sr_1_54?dib=eyJ2IjoiMSJ9.brStvAVzekH1-7LMBNOL4QDBHehIxYz8lESjVuuInaGOGemnJEvFmicSBHo5OmDC7PzONlr-n-wU5rpW0bVqUHHjMlcypub_g-69Z67fjq9PEBLSNI2FXgbB5D_uA16Mo5CR9PBQJGvvRrBI3LX-aSgEjkEP7lmYS3QcbBga3ktIUW-ZuSUaFRuLFojwTeOCYkHXqrP8g_f3pwZbOUl8SByWwns_SbDUXBYUBDuMdxM.F4l8bxEC_yIdV4e8C6afqsVK7zIASqudXg28e9WHIJQ&dib_tag=se&keywords=samsung%2Bphone&qid=1774770279&sr=8-54&th=1
Samsung Galaxy S21 FE 5G US Version 128GB Gray - Unlocked (Renewed),,Samsung,Android,6 GB,Snapdragon,2.8 GHz,(3118),https://www.amazon.com/Samsung-Galaxy-S21-FE-Intelligent/dp/B09SHJGLNN/ref=sr_1_53?dib=eyJ2IjoiMSJ9.brStvAVzekH1-7LMBNOL4QDBHehIxYz8lESjVuuInaGOGemnJEvFmicSBHo5OmDC7PzONlr-n-wU5rpW0bVqUHHjMlcypub_g-69Z67fjq9PEBLSNI2FXgbB5D_uA16Mo5CR9PBQJGvvRrBI3LX-aSgEjkEP7lmYS3QcbBga3ktIUW-ZuSUaFRuLFojwTeOCYkHXqrP8g_f3pwZbOUl8SByWwns_SbDUXBYUBDuMdxM.F4l8bxEC_yIdV4e8C6afqsVK7zIASqudXg28e9WHIJQ&dib_tag=se&keywords=samsung%2Bphone&qid=1774770279&sr=8-53&th=1
Samsung Galaxy Z Fold6 SM-F956U1 Single SIM + ESIM 12GB + 1TB US Model Factory Unlocked Crafted Black (Renewed),,Samsung,Android,12 GB,Snapdragon,3.39 GHz,(58),https://www.amazon.com/Samsung-SM-F956U1-Factory-Unlocked-Crafted/dp/B0DK2GD38Y/ref=sr_1_52?dib=eyJ2IjoiMSJ9.brStvAVzekH1-7LMBNOL4QDBHehIxYz8lESjVuuInaGOGemnJEvFmicSBHo5OmDC7PzONlr-n-wU5rpW0bVqUHHjMlcypub_g-69Z67fjq9PEBLSNI2FXgbB5D_uA16Mo5CR9PBQJGvvRrBI3LX-aSgEjkEP7lmYS3QcbBga3ktIUW-ZuSUaFRuLFojwTeOCYkHXqrP8g_f3pwZbOUl8SByWwns_SbDUXBYUBDuMdxM.F4l8bxEC_yIdV4e8C6afqsVK7zIASqudXg28e9WHIJQ&dib_tag=se&keywords=samsung%2Bphone&qid=1774770279&sr=8-52&th=1
Motorola Moto G Play | 2024 | Unlocked | Made for US 4/64GB | 50MP Camera | Sapphire Blue,,Motorola,Android 13.0,4 GB,Qualcomm Snapdragon MSM8260A,2.4E+3 MHz,(1434),https://www.amazon.com/Moto-Play-Unlocked-Camera-Sapphire/dp/B0CP6DDN1H/ref=sr_1_51?dib=eyJ2IjoiMSJ9.brStvAVzekH1-7LMBNOL4QDBHehIxYz8lESjVuuInaGOGemnJEvFmicSBHo5OmDC7PzONlr-n-wU5rpW0bVqUHHjMlcypub_g-69Z67fjq9PEBLSNI2FXgbB5D_uA16Mo5CR9PBQJGvvRrBI3LX-aSgEjkEP7lmYS3QcbBga3ktIUW-ZuSUaFRuLFojwTeOCYkHXqrP8g_f3pwZbOUl8SByWwns_SbDUXBYUBDuMdxM.F4l8bxEC_yIdV4e8C6afqsVK7zIASqudXg28e9WHIJQ&dib_tag=se&keywords=samsung+phone&qid=1774770279&sr=8-51
SAMSUNG Galaxy XCover6 Pro 5G | Rugged (IP68 Rated) Unlocked (Verizon AT&T T-Mobile US Cellular) | Dual Sim (1 Nano + 1 eSIM) | 128GB | US Version (2022 Model) | Black (SM-G736UZKEXAA),,Samsung,"Android 12.0, One UI",6 GB,Snapdragon,2.4 GHz,(186),https://www.amazon.com/SAMSUNG-Unlocked-T-Mobile-Cellular-SM-G736UZKEXAA/dp/B0BDBSBBDX/ref=sr_1_50?dib=eyJ2IjoiMSJ9.brStvAVzekH1-7LMBNOL4QDBHehIxYz8lESjVuuInaGOGemnJEvFmicSBHo5OmDC7PzONlr-n-wU5rpW0bVqUHHjMlcypub_g-69Z67fjq9PEBLSNI2FXgbB5D_uA16Mo5CR9PBQJGvvRrBI3LX-aSgEjkEP7lmYS3QcbBga3ktIUW-ZuSUaFRuLFojwTeOCYkHXqrP8g_f3pwZbOUl8SByWwns_SbDUXBYUBDuMdxM.F4l8bxEC_yIdV4e8C6afqsVK7zIASqudXg28e9WHIJQ&dib_tag=se&keywords=samsung%2Bphone&qid=1774770279&sr=8-50&th=1
Samsung Galaxy S20+ Plus 5G Factory Unlocked SM-G986U1 Cosmic Black 12GB Ram 128GB Storage (ATT Verizon Sprint and Tmobile) - US Warranty,,Samsung,Android 10.0,8 GB,Snapdragon,2.84 GHz,(472),https://www.amazon.com/Samsung-Factory-Unlocked-SM-G986U1-Storage/dp/B084LFT861/ref=sr_1_49?dib=eyJ2IjoiMSJ9.brStvAVzekH1-7LMBNOL4QDBHehIxYz8lESjVuuInaGOGemnJEvFmicSBHo5OmDC7PzONlr-n-wU5rpW0bVqUHHjMlcypub_g-69Z67fjq9PEBLSNI2FXgbB5D_uA16Mo5CR9PBQJGvvRrBI3LX-aSgEjkEP7lmYS3QcbBga3ktIUW-ZuSUaFRuLFojwTeOCYkHXqrP8g_f3pwZbOUl8SByWwns_SbDUXBYUBDuMdxM.F4l8bxEC_yIdV4e8C6afqsVK7zIASqudXg28e9WHIJQ&dib_tag=se&keywords=samsung+phone&qid=1774770279&sr=8-49
Samsung Galaxy Z Flip 7 User Guide: Getting Started with Your Device,,,,,,,,https://www.amazon.com/Samsung-Galaxy-Flip-User-Guide-ebook/dp/B0FVMG16B1/ref=sr_1_54_sspa?dib=eyJ2IjoiMSJ9.Pxix_g0XRRGKwwdGp_YJtpXitmKlNrNMEdT9FBbuNybmGd6AYOmxodbjr64rUIqCWZCw5ibMkqsmfVD-XGULwOo0DUJP19hWib_lMnl4O-HcicYxzGbrnq13MFk2f39KhtPzFFMPWujMI72MKi0R_Jxhl7g0szj1jemFK2wEnpRc_0XdN90mdfgGbM4xF7tYAg_Uxo9BYbVIbx4iu5OIkEjtnN0y4BZ4yWIkj6hXCkA.abhu96jAYBC4u_JBttV7n3QPJ2hHKp87t8RuOnfSzZ4&dib_tag=se&keywords=samsung+phone&qid=1774770274&sr=8-54-spons&sp_csd=d2lkZ2V0TmFtZT1zcF9idGY&psc=1
Getting Started with the Samsung Galaxy Samsung A55 and A35 5g: The Insanely Easy Guide to the Samsung Galaxy A55 and A35 and Android 14 One Ui 6.1,,,,,,,(3),https://www.amazon.com/Getting-Started-Samsung-Galaxy-A55/dp/B0CYP1GZTB/ref=sr_1_53_sspa?dib=eyJ2IjoiMSJ9.Pxix_g0XRRGKwwdGp_YJtpXitmKlNrNMEdT9FBbuNybmGd6AYOmxodbjr64rUIqCWZCw5ibMkqsmfVD-XGULwOo0DUJP19hWib_lMnl4O-HcicYxzGbrnq13MFk2f39KhtPzFFMPWujMI72MKi0R_Jxhl7g0szj1jemFK2wEnpRc_0XdN90mdfgGbM4xF7tYAg_Uxo9BYbVIbx4iu5OIkEjtnN0y4BZ4yWIkj6hXCkA.abhu96jAYBC4u_JBttV7n3QPJ2hHKp87t8RuOnfSzZ4&dib_tag=se&keywords=samsung+phone&qid=1774770274&sr=8-53-spons&sp_csd=d2lkZ2V0TmFtZT1zcF9idGY&psc=1
Samsung A32 5G A326U 64GB Unlocked (Renewed),,Samsung,Android,4 GB,Mediatek Dimensity 810,2 GHz,(418),https://www.amazon.com/SAMSUNG-A32-Unlocked-Android-Smartphone/dp/B0967RGC2H/ref=sr_1_52?dib=eyJ2IjoiMSJ9.Pxix_g0XRRGKwwdGp_YJtpXitmKlNrNMEdT9FBbuNybmGd6AYOmxodbjr64rUIqCWZCw5ibMkqsmfVD-XGULwOo0DUJP19hWib_lMnl4O-HcicYxzGbrnq13MFk2f39KhtPzFFMPWujMI72MKi0R_Jxhl7g0szj1jemFK2wEnpRc_0XdN90mdfgGbM4xF7tYAg_Uxo9BYbVIbx4iu5OIkEjtnN0y4BZ4yWIkj6hXCkA.abhu96jAYBC4u_JBttV7n3QPJ2hHKp87t8RuOnfSzZ4&dib_tag=se&keywords=samsung%2Bphone&qid=1774770274&sr=8-52&th=1
Samsung Galaxy Z Fold7 Cell Phone 512GB AI Smartphone Unlocked Android AI Photo Edits Large Screen Long Battery Life 2025 US 1 Yr Manufacturer Warranty JetBlack,,Samsung,"Android 16, OneUI 8",12 GB,Others,"3.53, 4.47 GHz",(492),https://www.amazon.com/Samsung-Smartphone-Unlocked-Manufacturer-Warranty/dp/B0F7K9LFCL/ref=sr_1_51?dib=eyJ2IjoiMSJ9.Pxix_g0XRRGKwwdGp_YJtpXitmKlNrNMEdT9FBbuNybmGd6AYOmxodbjr64rUIqCWZCw5ibMkqsmfVD-XGULwOo0DUJP19hWib_lMnl4O-HcicYxzGbrnq13MFk2f39KhtPzFFMPWujMI72MKi0R_Jxhl7g0szj1jemFK2wEnpRc_0XdN90mdfgGbM4xF7tYAg_Uxo9BYbVIbx4iu5OIkEjtnN0y4BZ4yWIkj6hXCkA.abhu96jAYBC4u_JBttV7n3QPJ2hHKp87t8RuOnfSzZ4&dib_tag=se&keywords=samsung+phone&qid=1774770274&sr=8-51
SAMSUNG Galaxy A51 128GB (6.5 inch) Display Quad Camera 48MP A515U Black Unlocked (Renewed) A51 128GB A515U,,Samsung,Android 10.0,4 GB,1.2GHz Cortex A9 Processor,1.7 GHz,(1723),https://www.amazon.com/Samsung-A51-128GB-A515U-Unlocked/dp/B08H8DH3RM/ref=sr_1_50?dib=eyJ2IjoiMSJ9.Pxix_g0XRRGKwwdGp_YJtpXitmKlNrNMEdT9FBbuNybmGd6AYOmxodbjr64rUIqCWZCw5ibMkqsmfVD-XGULwOo0DUJP19hWib_lMnl4O-HcicYxzGbrnq13MFk2f39KhtPzFFMPWujMI72MKi0R_Jxhl7g0szj1jemFK2wEnpRc_0XdN90mdfgGbM4xF7tYAg_Uxo9BYbVIbx4iu5OIkEjtnN0y4BZ4yWIkj6hXCkA.abhu96jAYBC4u_JBttV7n3QPJ2hHKp87t8RuOnfSzZ4&dib_tag=se&keywords=samsung+phone&qid=1774770274&sr=8-50
Samsung Galaxy S23 5G US Version 128GB Lavender - Unlocked (Renewed),,Samsung,Android,8 GB,Snapdragon,3.2E+3 MHz,(584),https://www.amazon.com/SAMSUNG-Unlocked-Smartphone-Process-Lavender/dp/B0CRSL2WML/ref=sr_1_49?dib=eyJ2IjoiMSJ9.Pxix_g0XRRGKwwdGp_YJtpXitmKlNrNMEdT9FBbuNybmGd6AYOmxodbjr64rUIqCWZCw5ibMkqsmfVD-XGULwOo0DUJP19hWib_lMnl4O-HcicYxzGbrnq13MFk2f39KhtPzFFMPWujMI72MKi0R_Jxhl7g0szj1jemFK2wEnpRc_0XdN90mdfgGbM4xF7tYAg_Uxo9BYbVIbx4iu5OIkEjtnN0y4BZ4yWIkj6hXCkA.abhu96jAYBC4u_JBttV7n3QPJ2hHKp87t8RuOnfSzZ4&dib_tag=se&keywords=samsung%2Bphone&qid=1774770274&sr=8-49&th=1
SAMSUNG Galaxy S25 Ultra Cell Phone 256GB AI Smartphone Unlocked Android AI Camera Fast Processor Long Battery Life 2025 Titanium Silverblue (Renewed),,Samsung,Android,12 GB,Snapdragon,4.47 GHz,(167),https://www.amazon.com/SAMSUNG-Smartphone-Unlocked-Processor-Silverblue/dp/B0F38VY33B/ref=sr_1_48?dib=eyJ2IjoiMSJ9.Pxix_g0XRRGKwwdGp_YJtpXitmKlNrNMEdT9FBbuNybmGd6AYOmxodbjr64rUIqCWZCw5ibMkqsmfVD-XGULwOo0DUJP19hWib_lMnl4O-HcicYxzGbrnq13MFk2f39KhtPzFFMPWujMI72MKi0R_Jxhl7g0szj1jemFK2wEnpRc_0XdN90mdfgGbM4xF7tYAg_Uxo9BYbVIbx4iu5OIkEjtnN0y4BZ4yWIkj6hXCkA.abhu96jAYBC4u_JBttV7n3QPJ2hHKp87t8RuOnfSzZ4&dib_tag=se&keywords=samsung+phone&qid=1774770274&sr=8-48
Samsung Galaxy S21 5G US Version 128GB Phantom Gray - Unlocked (Renewed),,Samsung,Android,8 GB,Snapdragon,2.42 GHz,(18270),https://www.amazon.com/Samsung-Galaxy-S21-5G-Version/dp/B08VLMQ3KS/ref=sr_1_47?dib=eyJ2IjoiMSJ9.Pxix_g0XRRGKwwdGp_YJtpXitmKlNrNMEdT9FBbuNybmGd6AYOmxodbjr64rUIqCWZCw5ibMkqsmfVD-XGULwOo0DUJP19hWib_lMnl4O-HcicYxzGbrnq13MFk2f39KhtPzFFMPWujMI72MKi0R_Jxhl7g0szj1jemFK2wEnpRc_0XdN90mdfgGbM4xF7tYAg_Uxo9BYbVIbx4iu5OIkEjtnN0y4BZ4yWIkj6hXCkA.abhu96jAYBC4u_JBttV7n3QPJ2hHKp87t8RuOnfSzZ4&dib_tag=se&keywords=samsung%2Bphone&qid=1774770274&sr=8-47&th=1
Samsung Galaxy S23 5G Factory Unlocked 128GB - Phantom Black (Renewed),,Samsung,Android,8 GB,Snapdragon,3.2 GHz,(1033),https://www.amazon.com/SAMSUNG-Galaxy-S23-Factory-Unlocked/dp/B0C5B736X3/ref=sr_1_46?dib=eyJ2IjoiMSJ9.Pxix_g0XRRGKwwdGp_YJtpXitmKlNrNMEdT9FBbuNybmGd6AYOmxodbjr64rUIqCWZCw5ibMkqsmfVD-XGULwOo0DUJP19hWib_lMnl4O-HcicYxzGbrnq13MFk2f39KhtPzFFMPWujMI72MKi0R_Jxhl7g0szj1jemFK2wEnpRc_0XdN90mdfgGbM4xF7tYAg_Uxo9BYbVIbx4iu5OIkEjtnN0y4BZ4yWIkj6hXCkA.abhu96jAYBC4u_JBttV7n3QPJ2hHKp87t8RuOnfSzZ4&dib_tag=se&keywords=samsung+phone&qid=1774770274&sr=8-46
Moto G Power 5G | 2024 | Unlocked | Made for US 8/128GB | 50MP Camera | Midnight Blue,,Motorola,Android 14,8 GB,1.2GHz Cortex A13 Processor,"2, 2.2 GHz",(2812),https://www.amazon.com/Power-Unlocked-128GB-Camera-Midnight/dp/B0CT6BQV81/ref=sr_1_45?dib=eyJ2IjoiMSJ9.Pxix_g0XRRGKwwdGp_YJtpXitmKlNrNMEdT9FBbuNybmGd6AYOmxodbjr64rUIqCWZCw5ibMkqsmfVD-XGULwOo0DUJP19hWib_lMnl4O-HcicYxzGbrnq13MFk2f39KhtPzFFMPWujMI72MKi0R_Jxhl7g0szj1jemFK2wEnpRc_0XdN90mdfgGbM4xF7tYAg_Uxo9BYbVIbx4iu5OIkEjtnN0y4BZ4yWIkj6hXCkA.abhu96jAYBC4u_JBttV7n3QPJ2hHKp87t8RuOnfSzZ4&dib_tag=se&keywords=samsung+phone&qid=1774770274&sr=8-45
SAMSUNG S26 USER MANUAL For Seniors 2026: Master the Settings and Optimize Performance to Avoid Battery Drain and Sluggishness Creating A Smoother Longer-Lasting Experience,,,,,,,,https://www.amazon.com/SAMSUNG-USER-MANUAL-Seniors-2026/dp/B0GQ46X784/ref=sr_1_44_sspa?dib=eyJ2IjoiMSJ9.Pxix_g0XRRGKwwdGp_YJtpXitmKlNrNMEdT9FBbuNybmGd6AYOmxodbjr64rUIqCWZCw5ibMkqsmfVD-XGULwOo0DUJP19hWib_lMnl4O-HcicYxzGbrnq13MFk2f39KhtPzFFMPWujMI72MKi0R_Jxhl7g0szj1jemFK2wEnpRc_0XdN90mdfgGbM4xF7tYAg_Uxo9BYbVIbx4iu5OIkEjtnN0y4BZ4yWIkj6hXCkA.abhu96jAYBC4u_JBttV7n3QPJ2hHKp87t8RuOnfSzZ4&dib_tag=se&keywords=samsung+phone&qid=1774770274&sr=8-44-spons&sp_csd=d2lkZ2V0TmFtZT1zcF9tdGY&psc=1
SAMSUNG S26 Ultra USER MANUAL For Beginners 2026: Master the Features Avoid Overwhelm Create Effortless Navigation Without Feeling Lost,,,,,,,,https://www.amazon.com/SAMSUNG-Ultra-USER-MANUAL-Beginners/dp/B0GQ3V66L3/ref=sr_1_43_sspa?dib=eyJ2IjoiMSJ9.Pxix_g0XRRGKwwdGp_YJtpXitmKlNrNMEdT9FBbuNybmGd6AYOmxodbjr64rUIqCWZCw5ibMkqsmfVD-XGULwOo0DUJP19hWib_lMnl4O-HcicYxzGbrnq13MFk2f39KhtPzFFMPWujMI72MKi0R_Jxhl7g0szj1jemFK2wEnpRc_0XdN90mdfgGbM4xF7tYAg_Uxo9BYbVIbx4iu5OIkEjtnN0y4BZ4yWIkj6hXCkA.abhu96jAYBC4u_JBttV7n3QPJ2hHKp87t8RuOnfSzZ4&dib_tag=se&keywords=samsung+phone&qid=1774770274&sr=8-43-spons&sp_csd=d2lkZ2V0TmFtZT1zcF9tdGY&psc=1
Samsung Galaxy S22 Smartphone Factory Unlocked Android Cell Phone 128GB 8K Camera & Video Brightest Display Long Battery Life Fast 4nm Processor US Version Phantom Black (Renewed),,Samsung,Android,8 GB,Snapdragon,3 GHz,(2400),https://www.amazon.com/Samsung-Smartphone-Unlocked-Brightest-Processor/dp/B09V5LDZQ4/ref=sr_1_42?dib=eyJ2IjoiMSJ9.Pxix_g0XRRGKwwdGp_YJtpXitmKlNrNMEdT9FBbuNybmGd6AYOmxodbjr64rUIqCWZCw5ibMkqsmfVD-XGULwOo0DUJP19hWib_lMnl4O-HcicYxzGbrnq13MFk2f39KhtPzFFMPWujMI72MKi0R_Jxhl7g0szj1jemFK2wEnpRc_0XdN90mdfgGbM4xF7tYAg_Uxo9BYbVIbx4iu5OIkEjtnN0y4BZ4yWIkj6hXCkA.abhu96jAYBC4u_JBttV7n3QPJ2hHKp87t8RuOnfSzZ4&dib_tag=se&keywords=samsung+phone&qid=1774770274&sr=8-42
Samsung Galaxy A10e 32GB A102U GSM/CDMA Unlocked Phone - Black (Renewed),,Samsung,Android,2 GB,Cortex,1.35 GHz,(1376),https://www.amazon.com/Samsung-Galaxy-A102U-Unlocked-Phone/dp/B082QZ8MX4/ref=sr_1_41?dib=eyJ2IjoiMSJ9.Pxix_g0XRRGKwwdGp_YJtpXitmKlNrNMEdT9FBbuNybmGd6AYOmxodbjr64rUIqCWZCw5ibMkqsmfVD-XGULwOo0DUJP19hWib_lMnl4O-HcicYxzGbrnq13MFk2f39KhtPzFFMPWujMI72MKi0R_Jxhl7g0szj1jemFK2wEnpRc_0XdN90mdfgGbM4xF7tYAg_Uxo9BYbVIbx4iu5OIkEjtnN0y4BZ4yWIkj6hXCkA.abhu96jAYBC4u_JBttV7n3QPJ2hHKp87t8RuOnfSzZ4&dib_tag=se&keywords=samsung+phone&qid=1774770274&sr=8-41
Samsung Galaxy A26 5G SM-A266U 128 GB Smartphone - 6.7 Super AMOLED Full HD Plus 1080 x 2340 - Octa-core (Cortex A78Quad-core (4 Core) 2.40 GHz + Cortex A55 Quad-core (4 Core) 2 GHz - 6 GB RAM,,Samsung,Android 15,6000 MB,Exynos 1380 S5E8835,2 GHz,(23),https://www.amazon.com/Samsung-Galaxy-A26-SM-A266U-Smartphone/dp/B0F8NMJFR8/ref=sr_1_40?dib=eyJ2IjoiMSJ9.Pxix_g0XRRGKwwdGp_YJtpXitmKlNrNMEdT9FBbuNybmGd6AYOmxodbjr64rUIqCWZCw5ibMkqsmfVD-XGULwOo0DUJP19hWib_lMnl4O-HcicYxzGbrnq13MFk2f39KhtPzFFMPWujMI72MKi0R_Jxhl7g0szj1jemFK2wEnpRc_0XdN90mdfgGbM4xF7tYAg_Uxo9BYbVIbx4iu5OIkEjtnN0y4BZ4yWIkj6hXCkA.abhu96jAYBC4u_JBttV7n3QPJ2hHKp87t8RuOnfSzZ4&dib_tag=se&keywords=samsung+phone&qid=1774770274&sr=8-40
SAMSUNG Galaxy S25 Ultra Cell Phone 256GB AI Smartphone Unlocked Android AI Camera Fast Processor Long Battery Life 2025 Titanium Black (Renewed),,Samsung,Android,12 GB,Snapdragon,4.47 GHz,(265),https://www.amazon.com/SAMSUNG-S25-Ultra-Smartphone-Processor/dp/B0F39CGPQV/ref=sr_1_39?dib=eyJ2IjoiMSJ9.Pxix_g0XRRGKwwdGp_YJtpXitmKlNrNMEdT9FBbuNybmGd6AYOmxodbjr64rUIqCWZCw5ibMkqsmfVD-XGULwOo0DUJP19hWib_lMnl4O-HcicYxzGbrnq13MFk2f39KhtPzFFMPWujMI72MKi0R_Jxhl7g0szj1jemFK2wEnpRc_0XdN90mdfgGbM4xF7tYAg_Uxo9BYbVIbx4iu5OIkEjtnN0y4BZ4yWIkj6hXCkA.abhu96jAYBC4u_JBttV7n3QPJ2hHKp87t8RuOnfSzZ4&dib_tag=se&keywords=samsung+phone&qid=1774770274&sr=8-39
Samsung Galaxy S22 5G US Version 256GB Phantom Black - Unlocked (Renewed),,Samsung,Android 12.0,8 GB,Snapdragon,2.5 GHz,(3123),https://www.amazon.com/SAMSUNG-Galaxy-S22-Version-Phantom/dp/B09VX9S6F9/ref=sr_1_38?dib=eyJ2IjoiMSJ9.Pxix_g0XRRGKwwdGp_YJtpXitmKlNrNMEdT9FBbuNybmGd6AYOmxodbjr64rUIqCWZCw5ibMkqsmfVD-XGULwOo0DUJP19hWib_lMnl4O-HcicYxzGbrnq13MFk2f39KhtPzFFMPWujMI72MKi0R_Jxhl7g0szj1jemFK2wEnpRc_0XdN90mdfgGbM4xF7tYAg_Uxo9BYbVIbx4iu5OIkEjtnN0y4BZ4yWIkj6hXCkA.abhu96jAYBC4u_JBttV7n3QPJ2hHKp87t8RuOnfSzZ4&dib_tag=se&keywords=samsung%2Bphone&qid=1774770274&sr=8-38&th=1
Samsung Galaxy A15 5G A Series Cell Phone AMOLED Display Expandable Storage Knox Security US Version 2024 Blue Black for T-Mobile only (Renewed) (64 GB),,Samsung,Android,4 GB,Mediatek Dimensity 6300,2.2 GHz,(7),https://www.amazon.com/Samsung-A15-Expandable-Security-T-Mobile/dp/B0FHCSFMY4/ref=sr_1_37?dib=eyJ2IjoiMSJ9.Pxix_g0XRRGKwwdGp_YJtpXitmKlNrNMEdT9FBbuNybmGd6AYOmxodbjr64rUIqCWZCw5ibMkqsmfVD-XGULwOo0DUJP19hWib_lMnl4O-HcicYxzGbrnq13MFk2f39KhtPzFFMPWujMI72MKi0R_Jxhl7g0szj1jemFK2wEnpRc_0XdN90mdfgGbM4xF7tYAg_Uxo9BYbVIbx4iu5OIkEjtnN0y4BZ4yWIkj6hXCkA.abhu96jAYBC4u_JBttV7n3QPJ2hHKp87t8RuOnfSzZ4&dib_tag=se&keywords=samsung%2Bphone&qid=1774770274&sr=8-37&th=1
SAMSUNG Galaxy S22 Ultra 5G (128GB 8GB) 6.8'' AMOLED 2X 108MP Camera Global Volte (Fully Unlocked for AT&T Verizon T-Mobile Global) G908U1 (w/ 25W Super Fast Charger Phantom Black) (Renewed),,Samsung,Android,8 GB,Snapdragon 8 Gen1,3 GHz,(327),https://www.amazon.com/SAMSUNG-Unlocked-Verizon-T-Mobile-Charger/dp/B0BPDQQ4F7/ref=sr_1_36?dib=eyJ2IjoiMSJ9.Pxix_g0XRRGKwwdGp_YJtpXitmKlNrNMEdT9FBbuNybmGd6AYOmxodbjr64rUIqCWZCw5ibMkqsmfVD-XGULwOo0DUJP19hWib_lMnl4O-HcicYxzGbrnq13MFk2f39KhtPzFFMPWujMI72MKi0R_Jxhl7g0szj1jemFK2wEnpRc_0XdN90mdfgGbM4xF7tYAg_Uxo9BYbVIbx4iu5OIkEjtnN0y4BZ4yWIkj6hXCkA.abhu96jAYBC4u_JBttV7n3QPJ2hHKp87t8RuOnfSzZ4&dib_tag=se&keywords=samsung%2Bphone&qid=1774770274&sr=8-36&th=1
SAMSUNG Galaxy A16 4G Dual SIM (128GB 2025) 6.7 90Hz AMOLED Splash Resistant 8Core 50MP Camera (Factory Unlocked International Model for GSM Global) A165M/DS (25W Fast Charger Bundle Black),,Samsung,Android,4 GB,1.2GHz Cortex A13 Processor,2.2 GHz,(2113),https://www.amazon.com/SAMSUNG-Resistant-Unlocked-International-DS/dp/B0DNRFGBQ4/ref=sr_1_35?dib=eyJ2IjoiMSJ9.Pxix_g0XRRGKwwdGp_YJtpXitmKlNrNMEdT9FBbuNybmGd6AYOmxodbjr64rUIqCWZCw5ibMkqsmfVD-XGULwOo0DUJP19hWib_lMnl4O-HcicYxzGbrnq13MFk2f39KhtPzFFMPWujMI72MKi0R_Jxhl7g0szj1jemFK2wEnpRc_0XdN90mdfgGbM4xF7tYAg_Uxo9BYbVIbx4iu5OIkEjtnN0y4BZ4yWIkj6hXCkA.abhu96jAYBC4u_JBttV7n3QPJ2hHKp87t8RuOnfSzZ4&dib_tag=se&keywords=samsung%2Bphone&qid=1774770274&sr=8-35&th=1
Samsung Galaxy S26 Ultra User Guide for Seniors and Beginners: Simple Step-by-Step Manual to Setup Configure and Master Your Phone Camera and AI Features,,,,,,,(2),https://www.amazon.com/Samsung-Galaxy-Ultra-Seniors-Beginners/dp/B0FYR6JLLK/ref=sr_1_34_sspa?dib=eyJ2IjoiMSJ9.Pxix_g0XRRGKwwdGp_YJtpXitmKlNrNMEdT9FBbuNybmGd6AYOmxodbjr64rUIqCWZCw5ibMkqsmfVD-XGULwOo0DUJP19hWib_lMnl4O-HcicYxzGbrnq13MFk2f39KhtPzFFMPWujMI72MKi0R_Jxhl7g0szj1jemFK2wEnpRc_0XdN90mdfgGbM4xF7tYAg_Uxo9BYbVIbx4iu5OIkEjtnN0y4BZ4yWIkj6hXCkA.abhu96jAYBC4u_JBttV7n3QPJ2hHKp87t8RuOnfSzZ4&dib_tag=se&keywords=samsung+phone&qid=1774770274&sr=8-34-spons&sp_csd=d2lkZ2V0TmFtZT1zcF9hdGZfbmV4dA&psc=1
Decode the Samsung Galaxy S25 S25+ and S25 Ultra: Navigating the 2025 Galaxy Phone and One UI 7,,,,,,,(5),https://www.amazon.com/Decode-Samsung-Galaxy-S25-Ultra/dp/B0DXD8JHFZ/ref=sr_1_33_sspa?dib=eyJ2IjoiMSJ9.Pxix_g0XRRGKwwdGp_YJtpXitmKlNrNMEdT9FBbuNybmGd6AYOmxodbjr64rUIqCWZCw5ibMkqsmfVD-XGULwOo0DUJP19hWib_lMnl4O-HcicYxzGbrnq13MFk2f39KhtPzFFMPWujMI72MKi0R_Jxhl7g0szj1jemFK2wEnpRc_0XdN90mdfgGbM4xF7tYAg_Uxo9BYbVIbx4iu5OIkEjtnN0y4BZ4yWIkj6hXCkA.abhu96jAYBC4u_JBttV7n3QPJ2hHKp87t8RuOnfSzZ4&dib_tag=se&keywords=samsung+phone&qid=1774770274&sr=8-33-spons&sp_csd=d2lkZ2V0TmFtZT1zcF9hdGZfbmV4dA&psc=1
